cust_id,reply_id,customer_text,brand_reply,created_at
697,699,The newest update. I made sure to download it yesterday.,Lets take a closer look into this issue. Select the following link to join us in a DM and we'll go from there. https://t.co/GDrqU22YpT,Tue Oct 31 22:36:27 +0000 2017
702,matched_prev,Tried resetting my settings .. restarting my phone .. all that,Let's go to DM for the next steps. DM us here: https://t.co/GDrqU22YpT,Tue Oct 31 22:11:31 +0000 2017
704,matched_prev,This is what it looks like https://t.co/XCQU2l4xUB,Any steps tried since it started last night?,Tue Oct 31 21:59:17 +0000 2017
707,matched_prev,I have an iPhone 7 Plus and yes I do,That's great it has iOS 11.1 as we can rule out being outdated. Any steps tried since this started? Do you recall when it started?,Tue Oct 31 21:48:51 +0000 2017
709,matched_prev,I need answers because it’s annoying 🙃,We'd like to look into this with you. Which model do you have and is iOS 11.1 installed? Any steps tried so far?,Tue Oct 31 21:34:45 +0000 2017
714,matched_prev,"Hey and anyone else who upgraded to ios11.1, are y’all having issues with capital “I” in the Mail app? As it puts in “A”?","Hey, let's work together to figure out what's going on. Meet us in DM and we'll continue from there. https://t.co/GDrqU22YpT",Tue Oct 31 22:19:32 +0000 2017
717,matched_prev,This is what is happening... https://t.co/X3SZSJXfAT,We'd like to investigate further with you. Send us a DM and we can troubleshoot more from there. https://t.co/GDrqU22YpT,Tue Oct 31 22:13:08 +0000 2017
721,matched_prev,are the call centres closed for the night?,We've received your DM and will continue there.,Tue Oct 31 22:18:14 +0000 2017
723,matched_prev,hello are all the lines closed for tonight #help,What's going on? We're hapy to help if we can. https://t.co/GDrqU22YpT,Tue Oct 31 22:11:16 +0000 2017
725,matched_prev,I upgraded. It didn’t work.,"Reach out to us via DM, and we can take a look at this with you. https://t.co/GDrqU22YpT",Tue Oct 31 22:16:35 +0000 2017
730,matched_prev,"Hello, internet. Can someone explain why this symbol keeps appearing on my phone and when I try to type the letter I? Also https://t.co/QKwvTLtiN7","You're in the right place; we'll do all we can to help. To start, let us know what iOS version is installed via DM: https://t.co/GDrqU22YpT",Tue Oct 31 20:46:35 +0000 2017
733,matched_prev,I’ve got a screenshot saying my #iPhoneX is reserved for the 3rd then an email saying it’s the 18th... what happened?,Go ahead and send us a DM please. Let us know the country you're in.,Tue Oct 31 22:16:40 +0000 2017
735,737,I have the iPhone 6s Plus and just did the most recent update.,"To make sure, is iOS 11.1 installed on it currently? Also, any steps tried so far? DM us here: https://t.co/GDrqU22YpT",Tue Oct 31 22:33:34 +0000 2017
736,matched_prev,Thank you I updated my phone and now it is even slower and barely works. Thank you for ruining my phone.😤,"We'd like to help, but we'll need more details. What's happening on your device and which model is it? Do you have iOS 11.1?",Tue Oct 31 22:17:57 +0000 2017
739,741,iOS 11.0.3,"Let's check Settings > General > Software Update. iOS 11.1 was released earlier today. If you see it, please backup & update.",Tue Oct 31 22:46:26 +0000 2017
742,743,Okey. Thank you! 🤗,"Our pleasure. If you're still having issues after a back up and update, contact us back. We're happy to help.",Tue Oct 31 23:12:00 +0000 2017
740,matched_prev,iPhone 7 Plus 😊,Thanks! Which iOS version is currently showing in Settings > General > About?,Tue Oct 31 22:14:45 +0000 2017
745,matched_prev,I need the software update urgently. The battery lasts literally half a day 🙍🏼🙁,Hi there! What type of device are we working with?,Tue Oct 31 22:00:34 +0000 2017
747,matched_prev,Hola necesito urgente la actualización de software. La batería me dura literal medio día 🙍🏼🙇🏼‍♀️,We offer support via Twitter in English. Get help in Spanish here: https://t.co/IBIY3vMgPj or join https://t.co/OczyRx7IOs,Tue Oct 31 18:08:04 +0000 2017
749,matched_prev,Hi! What is going on? Has Youtube lost it? What can be done about it? Thanks for the support! https://t.co/T8ZZp4IH6t,We want to help! DM us and let us know more about the issues you are having. https://t.co/GDrqU22YpT,Tue Oct 31 22:06:44 +0000 2017
754,matched_prev,"Yes it did, 11.0.3","We've just released iOS 11.1. We suggest backing up & updating. Then, test the issue again. Here's how: https://t.co/80YRnjDFDk",Tue Oct 31 22:01:17 +0000 2017
756,matched_prev,MY HOME BUTTON DOESN’T WORK #IOS11,Let us help with your Home button. Did this issue start right after iOS 11? Which version of iOS 11 are you running?,Tue Oct 31 20:49:07 +0000 2017
760,matched_prev,I can not find an option to get it there. It was just always there when playing.,DM us the specific iOS version you are running currently and we'll continue there. https://t.co/GDrqU22YpT,Tue Oct 31 22:03:09 +0000 2017
763,matched_prev,The app is still there. But no longer able to control it from the lockscreen.,"Just to confirm, this is only happening with Spotify, correct?",Tue Oct 31 21:56:55 +0000 2017
765,matched_prev,After update #ios1103 no spotify on my lock screen?,Thanks for reaching out to us. Are you experiencing the missing app after restating your device?,Tue Oct 31 18:20:46 +0000 2017
1757,matched_prev,I just updated it and it’s still coming up https://t.co/22RZsQyTbh,Let's dig into this further with you. DM us and we'll continue there.,Tue Oct 31 22:28:03 +0000 2017
1759,matched_prev,Why is “I” keep changing to this and how do I stop it🤦🏽‍♀️ #anybody https://t.co/urzAfSZL5z,"We definitely understand your concern. Please backup your iPhone, update and let us know the result: https://t.co/ahjigcvFRG",Tue Oct 31 18:17:27 +0000 2017
1763,1765,"Thanks, thing is I still have like 81 cents in credit and won't let me do that until I have zero credit",Try contacting our iTunes Store team here for more help: https://t.co/SDIe7UiyJN,Tue Oct 31 22:52:00 +0000 2017
1764,matched_prev,"Hello, I need some help regarding the region change on my Apple ID",This article should help with that: https://t.co/usOJWy6ChP,Tue Oct 31 22:29:29 +0000 2017
1768,matched_prev,"it has, but not for some time now. i’ve tried with two different apple ids but it’s still not showing up on my phone",Thanks for clarifying. Let's meet in DM so we can do more in-depth on this. https://t.co/GDrqU22YpT,Tue Oct 31 22:16:22 +0000 2017
1770,matched_prev,why is my home sharing not working and how do i fix it,We're happy to help. Has Home Sharing worked with these devices before?,Tue Oct 31 22:07:33 +0000 2017
1772,1774,"iPhone 6, yes ios11. Checked for updates, none available. I’ve swiped up to close the app several times and I’ve restarted it 2x","To make sure, is iOS 11.1 showing here: Settings > General > About > Version? Please DM us the answer here: https://t.co/GDrqU22YpT",Tue Oct 31 23:03:01 +0000 2017
1775,1777,Battery life just got worst.,"We'll make sure to get this straightened out. DM us, and we'll see you there. https://t.co/GDrqU22YpT",Tue Oct 31 23:12:31 +0000 2017
1773,matched_prev,"I just get a white screen and nothing loads. After a short time, it just closes/crashes. Thanks for the reply.",Which model do you have and is iOS 11.1 installed on it? Any steps tried so far?,Tue Oct 31 22:23:40 +0000 2017
1781,matched_prev,why can’t I change ringer volume with the buttons? Whose dumb idea was it to change that and how do they still have a job?,Let us look into that. What device and OS version are you using?,Tue Oct 31 22:27:15 +0000 2017
1785,matched_prev,epıl bana yardımcı olur musun telefon internet konusunda çok yakıyo napcaz ?,We offer support via Twitter in English. Contact us for help in your preferred language here: https://t.co/IBIY3vMgPj,Tue Oct 31 22:27:34 +0000 2017
1789,matched_prev,No I had 11.0.3 but now it says 11.1 update so ima go ahead and do that,Please keep us posted afterwards.,Tue Oct 31 21:32:24 +0000 2017
1791,matched_prev,why won’t my apps fuccin download or update,Apps are important and we want you to get back to enjoying them. Which model do you have? Is iOS 11.1 installed on it?,Tue Oct 31 21:25:20 +0000 2017
2610,matched_prev,$100 billion says that solves my problem? I’m on 11.0.3 currently. Hold please.,Let us know and we'll continue from there. https://t.co/GDrqU22YpT,Tue Oct 31 22:50:12 +0000 2017
2613,matched_prev,"Cupertino, we have a problem. . . . . https://t.co/ImMcJ8QsTM",We'd like to see what we can do to assist. What version of iOS are you currently running? We released iOS 11.1 today.,Tue Oct 31 22:44:41 +0000 2017
2615,2617,"Yes, after the update. I Phone 7",Got it. Does this happen while using any particular App or feature? Let us know via a DM. We’ll keep moving forward from there. https://t.co/GDrqU22YpT,Tue Oct 31 23:12:31 +0000 2017
2616,matched_prev,"why is my battery life short? I updated to 11.1, my battery is poor. Wife didn’t she likes her battery life","Let’s work together on this situation. To clarify, did this start after updating to iOS 11.1? Also, which device are you using?",Tue Oct 31 22:48:09 +0000 2017
2619,2621,But this does not show the music stored on my phone like it did in os3. I do not want to store music on my phone.,We certainly want to take a closer look into this issue. Select the following link to join us in a DM and we'll go from there. https://t.co/GDrqU22YpT,Tue Oct 31 23:21:50 +0000 2017
2620,matched_prev,watchOs4 made my watch pointless Browsing music on my phone via the watch was 80% reason for buying it now it’s useless.,You should still be able to control Music on your iPhone from the watch. Check out the user guide here: https://t.co/vRQnmrhVHj,Tue Oct 31 22:47:13 +0000 2017
2627,2629,iOS 11.1 it’s been getting worse for a few months now,Please meet with us in DM. We'd like to gather some additional details from you. https://t.co/GDrqU22YpT,Tue Oct 31 23:20:30 +0000 2017
2631,2633,"iPhone 7+, iOS 11.1","Thank you very much! Send us a DM to let us know if your speaker doesn't work on calls, or if other apps are affected as well. https://t.co/GDrqU22YpT",Tue Oct 31 23:46:00 +0000 2017
2632,matched_prev,And why is my music NEVER in my control center?!,We're here to help out! Which device is this on and which version of iOS is currently installed?,Tue Oct 31 22:44:52 +0000 2017
2637,2639,"Hi, I plugged an adapter straight into the transformer and it still didn't charger. The charger LED does not light up either.",We certainly want to take a closer look into this. Select the following link to join us in a DM and we'll go from there. https://t.co/GDrqU22YpT,Tue Nov 07 18:19:00 +0000 2017
2638,matched_prev,...cost for sending in for diagnosing a problem if it's out of warranty?,We can help. Let’s start with the following steps to see if we can save you a trip in for service: https://t.co/RqWW0duJ0U,Tue Oct 31 22:45:03 +0000 2017
2642,matched_prev,still no reliable Bluetooth on my iPhone 8+.,Thanks for reaching out. DM which Bluetooth device you are trying to connect to so we can help. https://t.co/GDrqU22YpT,Tue Oct 31 22:44:01 +0000 2017
2644,2646,"When you roll the month, it does not appear and hangs",We'd like to take a closer look at this. DM us and we'll go from there. https://t.co/GDrqU22YpT,Wed Nov 01 13:30:29 +0000 2017
2648,matched_prev,do you have any apps for epilepsy so I can detect my seizures thanks in advance,"Hey, we can provide some guidance. Let's meet in DM and we'll go from there. https://t.co/GDrqU22YpT",Tue Oct 31 22:37:41 +0000 2017
2654,matched_prev,newest version of iOS and iPhone 7,"Since we just released iOS 11.1 today, can you clarify which exact version you have installed?",Tue Oct 31 21:13:13 +0000 2017
2656,matched_prev,My iPhone has erased and re-added emails dating back from 2013 til now twice in the past 24 hours. Wth???,"We'll be happy to look into this with you. To clarify, which iPhone model do you have and what's the exact iOS version?",Tue Oct 31 20:02:52 +0000 2017
2662,matched_prev,So why is this happening I I I,We'd be glad to see what we can do for you. Let's meet up in DM first. Thanks! https://t.co/GDrqU22YpT,Tue Oct 31 22:32:52 +0000 2017
2666,matched_prev,I keep getting this error message saying “the item can’t be played” and idk how to fix it...,We'd like to look into this with you. Does the song appear to be greyed out?,Tue Oct 31 22:44:20 +0000 2017
2671,matched_prev,^^check this out,Send us a DM please and we will go from there. https://t.co/GDrqU22YpT,Tue Oct 31 22:41:59 +0000 2017
2676,matched_prev,HELP ME. I have a problem with my iPhone 7😑,We're happy to help. What seems to be the problem?,Tue Oct 31 22:04:56 +0000 2017
2678,matched_prev,"Any idea why icons show up like this? I did force reset to no avail. After initial notification display, they show up. https://t.co/qBFIAlpGyD","We're here for you. DM us, and we'll look into this together. https://t.co/GDrqU22YpT",Tue Oct 31 22:38:41 +0000 2017
2680,matched_prev,It’s sorted. Thanks. iOS update needed a change and hard reboot,We're glad to hear that's sorted out for you. Have a great day.,Tue Oct 31 22:39:41 +0000 2017
2682,matched_prev,ios 11.0.3 on 6s. Cannot adjust alarm volume so waking up all in my house and neighbours despite ringer being set to minimum!,"We'd love to help with your alarm volume. Is the option to ""Change with Buttons"" disabled under Settings > Sounds?",Fri Oct 20 08:39:06 +0000 2017
2684,matched_prev,live photo keeps turning on in the camera even when it’s set to stay off. Please fix in next update.,"Hey, we can work together to figure out a solution. Send us a DM and we'll continue from there. https://t.co/GDrqU22YpT",Tue Oct 31 22:38:21 +0000 2017
3761,matched_prev,Listen I’m having issues with my phone so like can you @ me so we can talk,We're here to help. Send us a DM with the issue and we'll follow up from there. https://t.co/GDrqU22YpT,Tue Oct 31 23:04:42 +0000 2017
3764,matched_prev,not only does my phone keep freezing but when i screenshot things it turns out white... really not liking this iphone 8 plus,Let's look at this together. Are you updated to iOS 11.1?,Tue Oct 31 23:04:59 +0000 2017
3767,matched_prev,I’m no expert in battery life but 40% doesn’t go to 7% in 5minutes,"We understand your concerns, and want to help. Which device is this happening on?",Tue Oct 31 22:59:14 +0000 2017
3769,3771,That fixed it thanks,That's great! Enjoy the rest of your day.,Tue Oct 31 23:47:00 +0000 2017
3770,matched_prev,this is my top bar every time I open messages on my SE after updating to iOS 11.1 https://t.co/Lzge3qzc7w,Thank you for reaching out to us. Have you tried to restart the device? Let us know to get started.,Tue Oct 31 23:00:56 +0000 2017
3773,matched_prev,iOS 11.1 - keyboard lag. 🤨 https://t.co/TdIHT9L9dt,We'd like to take a look into that with you. Would you please join us in DM to get started? https://t.co/GDrqU22YpT,Tue Oct 31 23:00:36 +0000 2017
3776,3778,"still happening, including on iOS 11.2 beta now. any ideas?",Thanks for the update. Go ahead and send us a DM and we'll take it from there. https://t.co/GDrqU22YpT,Wed Nov 01 20:47:00 +0000 2017
3777,matched_prev,"I've also forced the app to close from the background and reopened, no dice 🎲",Let’s team up on this. How long has this been happening? What version number of iOS are you running? Which iPhone do you have?,Tue Oct 31 22:53:05 +0000 2017
4870,4872,iPhone 6 and yes it’s got the latest software update,"Thanks for letting us know. We'd like to take a further look into this. Please send us a DM, and we'll continue there. https://t.co/GDrqU22YpT",Wed Nov 01 12:37:25 +0000 2017
4871,matched_prev,Really considering getting a new kind of phone since my iPhone dies with 90% while using my camera 😤,We want to help! What model of iOS device are you using? Do you have the most recent version of iOS 11.1 downloaded?,Tue Oct 31 23:22:50 +0000 2017
4875,matched_prev,Come on #ios11.1 Same bug as before. Numbers disappear when entering info. Video below. #iosproblems https://t.co/eKirAn2Mam,Let's investigate this together. Does this only occur when using specific apps or website?,Tue Oct 31 23:21:57 +0000 2017
4877,matched_prev,Restarting does resolve the issue. Thanks.,We're glad to hear that resolved the issue. Don't hesitate to reach out to us if you have any questions. Take care.,Tue Oct 31 22:58:23 +0000 2017
4879,matched_prev,I can’t download songs. Progress icon keeps spinning. On both data + WiFi. Stream works though. Can’t add songs to playlists. https://t.co/x7uUxSqO9u,We want to help. Does restarting help at all? DM us which iOS version you're on and we'll continue support there. https://t.co/GDrqU22YpT,Tue Oct 31 21:36:19 +0000 2017
4882,matched_prev,tell me why I’I’ve updated my phone twice and I can’t type letter I without getting a letter A and a question mark,We're here for you. What is the exact version of the iOS you're running? Check by tapping Settings > General > About.,Tue Oct 31 23:13:13 +0000 2017
4889,4891,And the new ones tauntingly pretend they are saved- it’s just when I click on them or try to send them that the grey screen shows,"We appreciate those details. For more help with Photos, please reach out to our Photos experts here: https://t.co/IBIY3vMgPj",Wed Nov 01 13:28:00 +0000 2017
4890,matched_prev,"whenever I try to see the photos that I’ve just taken my #iphone6 shows me this. I’ve reset it, I’ve restored it... help? https://t.co/8tQy27WvMe",We know how important it is to be able to view your photos. Are you able to see older photos on your iPhone?,Tue Oct 31 23:16:12 +0000 2017
4897,4898,AFTER I updated my phone.,Does that continue after restarting your iPhone? Do you have any other iOS devices or a Mac computer? Let us know in DM. https://t.co/GDrqU22YpT,Tue Oct 31 23:32:28 +0000 2017
4896,matched_prev,please make this stop!!! https://t.co/YoyrO8iZKe,"Let’s work together on this behavior. How long has this been happening? Also, which device are you using?",Tue Oct 31 23:08:51 +0000 2017
4900,4902,I have and my battery life has become even worse,Let's look into this further in DM. https://t.co/GDrqU22YpT,Thu Nov 02 13:58:00 +0000 2017
4901,matched_prev,Please fix the battery issues in Ios 11!,We want to make sure you have a working battery. Have you had a chance to update to the latest 11.1?,Tue Oct 31 23:13:35 +0000 2017
4905,4907,I've updated to iOS 11.1 just now. I shall check out these WiFi hotspots tomorrow and later in the week.,Sounds good. Let us know the results in DM and we'll continue working with you there. Thanks again. https://t.co/GDrqU22YpT,Tue Oct 31 23:34:00 +0000 2017
4906,matched_prev,The ‘Overlapping url over TIME on Free WiFi hotspots’ remains. v11.0.3. Not a WiFi problem; two different hotspots shown. https://t.co/81ifcrDUeS,We'd like to have you backup and update your iPhone to iOS 11.1 and let us know if that helps: https://t.co/ahjigcvFRG,Tue Oct 31 23:06:38 +0000 2017
4912,matched_prev,Series1 #Applewatch would consistently get 18 hrs + per charge prior to last update. Now 12-13 hrs max.Died @ gym 2nite. Wtf ?,"We want your Apple Watch to keep up with you at the gym. To begin, which watchOS is installed?",Tue Oct 31 23:09:18 +0000 2017
4917,matched_prev,. why my iPhone keep dying at 30% quit playing games I'm not getting no new damn phone or iPhone x,We'd like to help. What iOS version are you on?,Tue Oct 31 23:03:40 +0000 2017
5812,matched_prev,just updated my 7 plus to 11.1 but I can’t see the new emojis on my watch. Pls help.,Got it. Have you updated your Apple Watch to 4.1 yet?,Tue Oct 31 21:09:27 +0000 2017
5816,matched_prev,I <— wtf is going on,We'd be happy to look into this with you more in detail. Please reach out to us via DM and we'll get started. https://t.co/GDrqU22YpT,Tue Oct 31 23:11:02 +0000 2017
5819,matched_prev,I can’t change lock screen anymore from ‘wallpaper’ in settings. How do I do it now?,We'd be happy to help. Check out this link to for more information: https://t.co/hSnkM7JIIS,Tue Oct 31 23:36:21 +0000 2017
5821,matched_prev,"Dear this new update sucks ,I have too many problems with my phone now ! Blurry screen , black screen , frozen phone !",Getting the expected performance from your iPhone is very important to us. Let us know the exact iOS version to get started.,Tue Oct 31 23:28:41 +0000 2017
5825,matched_prev,"excuse me, can someone explain to me why when I type an “I” alone I get an A and a question mark???????",We'll be happy to take a look into it with you. Please send us a DM with what version of iOS you have. https://t.co/GDrqU22YpT,Tue Oct 31 23:33:58 +0000 2017
5831,matched_prev,why does my iphone 6 is redémarrer alone !!!!!,Thanks for getting back to us. We apologize but aren't understanding the issue at hand. Please DM us. https://t.co/GDrqU22YpT,Tue Oct 31 23:31:26 +0000 2017
5833,matched_prev,"sa fait 1h j’ai ios11.1 et mon tel redemarre seul, explication ?????",We offer support via Twitter in English. Contact us for help in your preferred language here: https://t.co/IBIY3vMgPj,Tue Oct 31 23:24:02 +0000 2017
5835,matched_prev,You dropped an update and I still see boxed question marks. Fix this shit .,We're here to help. Which version of iOS is installed on your device? You'll see this in Settings > General > About.,Tue Oct 31 23:24:52 +0000 2017
5837,5840,Yes. Sorry. I just watched a video about 11.2 beta. 11.1 When I type the letter Eye I happens https://t.co/bUBElgADue,"Have you tried resetting the keyboard dictionary yet? If not, go to Settings > General > Reset > Reset Keyboard Library",Tue Oct 31 23:48:52 +0000 2017
5841,5842,Tried It and It still doesn’t work,Here’s what you can do to work around the issue until it’s fixed in a future software update: https://t.co/xXaXeeSRt9,Mon Nov 06 03:51:51 +0000 2017
5839,matched_prev,Just updated to iOS 11.2 and my keyboard is completely screwed up and glitchy now 🤦‍♂️,We'd like to assist as best we can. Do you mean iOS 11.1 which was released today?,Tue Oct 31 23:32:30 +0000 2017
5844,5846,"No, virginmedia. Tried twice with completely new mail. One didn’t save, 2nd did though. Very odd.","Some accounts may create separate folders for your Drafts. If you're still having trouble, please DM us here: https://t.co/GDrqU22YpT",Wed Nov 01 00:18:31 +0000 2017
5845,matched_prev,Updated iPad Pro to 11.1. Worked on draft email. None of changes saved. Started new email. Saved but disappeared. Help please,We'll help in any way we can. Was this on an https://t.co/coj9FJKJWV email account?,Tue Oct 31 23:25:15 +0000 2017
5849,matched_prev,I updated to iOS 11 and my iPhone 6 stopped connecting to wi-fi. Already restored the phone and the network connections,"We are here to help. So we can best isolate the cause, could you verify your exact iOS version? https://t.co/ZTw54HL4Rm",Tue Oct 31 23:18:58 +0000 2017
5853,matched_prev,why is my “it “ autocorrecting to I.T?? So annoying! Can’t change in settings either...,We'd love to help. Let's work together in DM. https://t.co/GDrqU22YpT,Tue Oct 31 23:16:16 +0000 2017
6483,matched_prev,Hello what’s happening to my screen https://t.co/GTNXT4VoKd,We'd love to take a look into this concern. Is the screen stuck this way have you restarted it? Send us a DM. https://t.co/GDrqU22YpT,Mon Oct 09 00:07:26 +0000 2017
6554,matched_prev,how long does it take usually for account recovery to get back to you? It’s been about a week now.,Having access to your Apple ID is important. Did you receive an email with a confirmation of your request? DM us here: https://t.co/GDrqU22YpT,Mon Oct 09 00:12:53 +0000 2017
6608,matched_prev,the fact that my laptop that I haven't even had for two years keeps shutting off without warning at 15% is kind of ridiculous.,Let's see what we can find for you today. Let's meet up in DM to gather some specifics and we'll proceed from there. https://t.co/GDrqU22YpT,Mon Oct 09 00:00:42 +0000 2017
6657,matched_prev,My wife made the mistake of updating to 11. How can we revert back? Her password keeper app is now dead. She can't access her passwords.,You won't be able to revert the system to pre-iOS 11 but we can look into the issues. DM us and we'll get started. https://t.co/GDrqU22YpT,Mon Oct 09 00:02:47 +0000 2017
6917,matched_prev,"Yes, sorry i mean iOS 11, when I texting my keyboard it’s very slow and my battery it consumes very fast.","Are you currently using Low Power Mode? If so, disable that from Settings > Battery and restart. Let us know in DM if it helps. https://t.co/GDrqU22YpT",Mon Oct 09 00:22:03 +0000 2017
6919,matched_prev,"I installed the iOS 10.0 , 10.0.1 and 10.0.2 and makes my iPhone 6 very slow and doesn’t work properly can you help me?","We can help! We assume you mean iOS 11, right? Can you tell us what types of performance issues you're experiencing?",Sun Oct 08 23:28:14 +0000 2017
6928,matched_prev,my iPhone is a fully up to date so why does my phone keep freezing 🙃???,"We want to help in any way we can. Which iPhone are you using? Let us know in DM, and we’ll work with you there. https://t.co/GDrqU22YpT",Mon Oct 09 00:16:29 +0000 2017
6934,matched_prev,after the new apple updates: the battery life is really go fast and the WiFi is always on! #newappleupdates,We'd love to help. Let's work on this together in DM. Start by letting us know what kind of device you are using. https://t.co/GDrqU22YpT,Mon Oct 09 00:11:15 +0000 2017
8297,matched_prev,Hello there i need help with the use of an administartors name and password on my imac,Hi! We're happy to help. Join us in DM with the macOS version installed on your iMac and more details about what's going on. https://t.co/GDrqU22YpT,Sun Nov 05 20:19:05 +0000 2017
8299,matched_prev,DL the latest iOS today. Very laggy 6s. Phone is running like hammered dog shit since the DL.,Are you seeing issues across all apps or are you noticing lag when performing specific tasks? Let us know in DM. https://t.co/GDrqU22YpT,Sun Nov 05 20:14:34 +0000 2017
8302,matched_prev,Every time I watch a live broadcast or video it skips or repeats a few seconds since updating https://t.co/ufl7yqidmb,"We'd like to learn more about what's happening. What model & iOS version are you working with? Tell us in DM, please. https://t.co/GDrqU2kzhr",Sun Nov 05 20:24:22 +0000 2017
8308,matched_prev,I don’t know. I need the space though. How do I get rid of some snapshots,Finder and Get Info windows don't include snapshots in their calculations so that's not the root cause. Let's meet within DM: https://t.co/GDrqU22YpT,Sun Nov 05 19:55:56 +0000 2017
8310,matched_prev,Its slowing down my mac a lot,"Is 25 GBs what you have left after the snapshots were created on the drive though? Or, were you low on space prior to snapshots?",Sun Nov 05 15:46:04 +0000 2017
8313,matched_prev,i have 256 hd and timemachine/system is taking up 150gb of space. I only have 25gb free. Is it suppose to work like this?,Thanks for reaching out to us. We're happy to help out. We recommend checking out this link: https://t.co/03O2CionXW,Sat Nov 04 17:42:01 +0000 2017
8320,matched_prev,iOS 11.1 should never been released. So many bugs. The statusbar randomly disappears in Facebook app,We'd like to look into the trouble you're having. Does this only occur in the Facebook app?,Sun Nov 05 15:11:28 +0000 2017
8340,matched_prev,only 8 attempts to open the twitter app and complain about the iOS 11 messing up my iPhone 7 - this is slowing down my life :(,We'd like to look into this with you. Please DM us details and we'll be glad to work with you towards a resolution. https://t.co/GDrqU22YpT,Sun Nov 05 20:16:27 +0000 2017
8420,matched_prev,Chat doesn’t seem to work in Germany. On the order page I cannot leave comments …,"If you are unable to access these resources, let's get you connected with our local AppleCare Support team to get you to our Online Support group: https://t.co/zDY8Np0kg6",Sat Nov 18 18:42:04 +0000 2017
8435,8438,I need an actual human to help me,"Understood. For further help with your Apple ID, connect with one of our Apple ID Advisors here: https://t.co/UJm15vmMM2",Sun Nov 19 14:38:02 +0000 2017
8544,8546,"no, my photos aren’t gone. why are there four (five actually, one isn’t pictured) albums in my photos all labeled twitter?",Got it. Please continue with us by reaching out to our Photos app experts: https://t.co/IBIY3vMgPj,Wed Nov 01 00:10:26 +0000 2017
8548,matched_prev,lil help? https://t.co/3cl8aEdWdr,We'd love to help. DM us which iOS device you are experiencing this issue on to get started. https://t.co/GDrqU22YpT,Tue Oct 31 23:48:40 +0000 2017
8550,8552,so it cant be disable? umm ya.. problem comes oftenly when my iphone just woke up. kindly please gimme some advices to heal that issue,"This link is a great place to start: https://t.co/kQXBriN504 If you still have issues after those steps, DM us. https://t.co/GDrqU22YpT",Wed Nov 01 00:06:26 +0000 2017
8553,8554,ya.. i did that way like 3-4times for make my screen finally worked out. whats the causes anw? what tips to prevent it wont happen again?,"We wouldn't want to speculate into the cause, but please send us a DM so we can look into this further with you. https://t.co/GDrqU22YpT",Wed Nov 01 00:27:00 +0000 2017
8551,matched_prev,ya.lately my screen was disfunction for touch after its been restart. i couldnt enter passcode yet homebutton still figureout my fingerprint,"For security, the passcode is always required even if you have Touch ID turned on. Are you still having touch screen issues?",Tue Oct 31 23:46:15 +0000 2017
8557,matched_prev,"is that safe if we disable passcode for unlock iphone? i mean,is the fingerprint still worked out? i think dat would be enough",We want to make sure we understand the issue. Are you wanting to disable the passcode and still use Touch ID?,Tue Oct 31 20:31:28 +0000 2017
8559,8562,Yes I just did that today.,"OK, please DM us, so we can work together on this. https://t.co/GDrqU22YpT",Wed Nov 01 00:00:29 +0000 2017
8561,matched_prev,hey what’s going on with the letter I . When i start to. Type this happens below https://t.co/jbNZfUwkzL,"Let's look at this together. To begin, are you completely updated to iOS 11.1?",Tue Oct 31 23:48:57 +0000 2017
8570,matched_prev,"FYI, Folders no longer show Folder Names after update unless folder highlighted. https://t.co/1iiNNz9ZFk",Thanks for reaching out. For help with AppleTV reach out to our experts here: https://t.co/IBIY3vMgPj,Tue Oct 31 23:44:22 +0000 2017
8573,8575,Thank you.,"You are most welcome. If there is anything we can do to assist you in the future, please don't hesitate to reach back out.",Wed Nov 01 00:04:25 +0000 2017
8574,matched_prev,this is the second Fishing email that I have gotten in 2 days https://t.co/WG3DvyKLSj,We are here to help. Please refer to the following article for steps to report these emails: https://t.co/yGvlh3cZ5Y,Tue Oct 31 23:44:40 +0000 2017
8577,matched_prev,since upgrade to High Sierra I see this screen each time my iMac reboots thus defeating automatic login I need. Help. https://t.co/z9trEHnGbP,"Thanks for reaching out to let us know about this. So we can look into this with you, please DM us here: https://t.co/GDrqU22YpT",Tue Oct 31 23:40:32 +0000 2017
8579,matched_prev,"I bought 2 iPhones X on Friday, but I don’t see any charge on my credit card. Do I should worry or it’s normal?","Thanks for reaching out to us. Please send us a DM with your country, and we'll look into this. https://t.co/GDrqU22YpT",Tue Oct 31 23:42:57 +0000 2017
9151,9153,"Well, I was running 11.0.3, and now 11.1. Issue persists.",Thanks. Please DM us and we'll continue this conversation there. https://t.co/GDrqU22YpT,Wed Nov 01 02:11:00 +0000 2017
9154,9155,I’m having the same issue!!! Just started today!,Lets help get this sorted. Please DM us the version of iOS you're using and we can go from there. https://t.co/GDrqU22YpT,Wed Nov 01 17:55:56 +0000 2017
9152,matched_prev,"Hey , what’s up with this new autocorrect? Happening on iPhone 7 Plus and iPhone 7. https://t.co/pHA05gv7g7",Let's take a look at this issue together. Which iOS version is your device currently running?,Wed Nov 01 00:01:52 +0000 2017
9158,matched_prev,It’s showing it’s connected and the battery is decreasing.,We are here for you. Let's take a look at this further for you. Reach out to us in DM. https://t.co/GDrqU22YpT,Wed Nov 01 00:02:25 +0000 2017
9162,matched_prev,"My iPhone is so damn glitchy, not sure this upgrade to the 8 was worth it. I can’t even send pictures 😡",Let's see how we can help over Twitter. Is iOS 11.1 the version installed and have you tried any steps? Which app is it?,Wed Nov 01 00:09:50 +0000 2017
9169,9171,iOS11.1 consumes battery pretty fast....,"Let's see how you're using your battery so we can provide the best solution. To start, DM us with the country where you're located. https://t.co/GDrqU22YpT",Wed Nov 01 00:29:26 +0000 2017
9170,matched_prev,11.1にあげたらTwitter少し見てるだけだし低電力モードなのに20パーへったぞ。デバイス本体ごと取り換えて数ヶ月だし今回のアプデはミスだな。バッテリー消費悪化してる。,We offer support via Twitter in English. Contact us for help in your preferred language here: https://t.co/IBIY3vMgPj,Wed Nov 01 00:05:04 +0000 2017
9174,matched_prev,"Bienvenida sea la multi tarea al 3D touch en iphone, gracias #newupdate",We offer support via Twitter in English. Get help in Spanish here: https://t.co/IBIY3vMgPj or join https://t.co/OczyRx7IOs,Wed Nov 01 00:03:39 +0000 2017
9176,matched_prev,the new update is making my phone so funky. Check out the emoji and the letter I. Is there a fix? https://t.co/9EpjZmt5ZC,We'd like to help. Send us a DM and we can start there. https://t.co/GDrqU22YpT,Wed Nov 01 00:03:28 +0000 2017
9178,matched_prev,what’s up with typing the letter I ... it wants to be an A and a box with a question mark,We'd like to help. We received your DM and will continue there. https://t.co/GDrqU22YpT,Tue Oct 31 23:58:23 +0000 2017
9180,matched_prev,"I bought an iTunes gift card worth £15 a week ago, and the email still hasn’t come into my inbox to tell me the code. Helpppp",We're here for you. You'll need to contact our iTunes Store group for help with iTunes codes: https://t.co/SDIe7UiyJN,Tue Oct 31 23:59:34 +0000 2017
9182,matched_prev,"Okay, I updated my phone the newest version",Thank you for the update. DM us here to continue: https://t.co/GDrqU22YpT,Tue Oct 31 23:39:31 +0000 2017
9184,matched_prev,I have 11.0.3,"The first step we want to take is to back it up, then update it to iOS 11.1 to rule that out: https://t.co/80YRnjDFDk",Tue Oct 31 21:19:49 +0000 2017
9187,matched_prev,hey apple ! What is going on with the iPhones ?? Every time I type the letter “I” I get a symbol. Which you see right now!,Let's team up and get the exclamation point working right. Which model do you have? Is iOS 11.1 installed?,Tue Oct 31 21:04:36 +0000 2017
9189,9191,"My screen is lagging, my apps are all glitching, your new screen updates are slowing my processsing speed down. Y’all are killin me fr yo","Is this happening only with certain applications? Meet up with us in a DM, we'll continue there. https://t.co/GDrqU22YpT",Wed Nov 01 00:18:31 +0000 2017
9193,matched_prev,Ayo fix this whole question mark box ting dem shits annoying.,"Hi, can you tell us more about this in a DM? We'll look into this together from there. https://t.co/GDrqU22YpT",Tue Oct 31 23:53:58 +0000 2017
9195,matched_prev,I bought an iPhone 8 with AppleCare+. Wanting to return the iPhone 8. What happens with the AppleCare+?,Thanks for contacting us. We'd like to gather some info to help out. Let's meet in DM. https://t.co/GDrqU22YpT,Tue Oct 31 23:50:33 +0000 2017
9197,9199,But would it work with another phone brand?Like LG galaxy phones?,"Currently, only iPhones with iOS 10 or later are supported.",Wed Nov 01 00:17:00 +0000 2017
9198,matched_prev,Does the person you send it too also have to have a iPhone to see this?I see it on my phone.,Great question. They must have a device with iOS 10 or later. Here's some more information: https://t.co/GCtGkHihKu,Tue Oct 31 23:48:14 +0000 2017
9304,matched_prev,why are my I ‘s changing into I ?!!!!!,Interesting. Let's look into this. Which iOS version is showing in Settings > General > About?,Tue Oct 31 23:49:57 +0000 2017
9829,9832,started before downloading 11.1 (was never able to download 11.0.3). hasn't gotten better since update,Let's continue within DM here: https://t.co/GDrqU22YpT,Wed Nov 01 00:38:24 +0000 2017
9835,matched_prev,Dear why is my letter I not working by itself in email or text? When I type the letter “I” the attached happens. https://t.co/2qZ7Tjx5cF,We're here to help. Which version of iOS do you have installed on your device? You'd see this in Settings > General > About.,Wed Nov 01 00:12:00 +0000 2017
9838,matched_prev,updating xcode via appstore. 7-min remaining 6-hr ago. 1-min rem for over an hour. Why? My net bandwidth is good.,We'd like to help any way we can. Are other apps able to be downloaded on your device? Which model is it and which OS version?,Wed Nov 01 00:13:17 +0000 2017
9840,matched_prev,"mi iPhone no se puede conectar a la red wifi privadas pero si a las free, que hago 😢",We offer support via Twitter in English. Get help in Spanish here: https://t.co/IBIY3vMgPj or join https://t.co/OczyRx7IOs,Wed Nov 01 00:08:50 +0000 2017
9842,9844,I said the battery is dying too fast. Is that because of the new iOS 11.0.3? I’m pretty worried about it 😕 I can’t trust my phone anymore,We're here to help. Let's update your device to iOS 11.1 and test to see if the issue persists: https://t.co/80YRnjDFDk,Wed Nov 01 00:38:53 +0000 2017
9843,matched_prev,FOCO AQUI Q Q TÁ ACONTECENDO ~ iOS 11 guloso https://t.co/Eonz2w9xPi,"Since our Twitter support is available in English, get help at https://t.co/IBIY3vMgPj or join https://t.co/pvaOFfPbjt",Wed Nov 01 00:12:15 +0000 2017
9847,9849,iMessage & snapchat,Thanks for letting us know. Send us a DM and we'll do everything we can to get your keyboard back on track. https://t.co/GDrqU22YpT,Wed Nov 01 00:27:27 +0000 2017
9848,matched_prev,hey my i on my keyboard isn't working and i just updated my phone to the latest IOS,Thank you for reaching out. May we ask which apps you're seeing the keyboard issue with?,Wed Nov 01 00:09:52 +0000 2017
10669,10672,"/2...2 docs did open, duplicated themselves, now none open after I closed them.",Please send us a DM and we will go from there. https://t.co/GDrqU22YpT,Wed Nov 01 01:46:00 +0000 2017
10671,matched_prev,"So, since updating the latest iOS, Pages no longer lets me open any docs, all show, just don’t open. Suggestions? Anyone?","Can you confirm what version of iOS you updated to? Also, have you tried restarting your device?",Wed Nov 01 00:35:56 +0000 2017
10674,matched_prev,"after I upgraded my iPhone to iOS 11.0.3, the back camera and the flash stopped working. Could you do something?","Hi, we'll be happy to help. To start, let's give the troubleshooting steps in this article a try: https://t.co/r1DRfaFLIU",Wed Nov 01 00:32:56 +0000 2017
10679,matched_prev,Depois da ultima atualizado do IOS a bateria do IPhone 6 tá durando quase nada,"Since our Twitter support is available in English, get help at https://t.co/IBIY3vMgPj or join https://t.co/pvaOFfPbjt",Wed Nov 01 00:28:59 +0000 2017
10683,matched_prev,Baje la App de la cual es gratuita y me llego un cargo de $18.11 Pesos ¿cuál es el motivo?,We offer support via Twitter in English. Get help in Spanish here: https://t.co/IBIY3vMgPj or join https://t.co/OczyRx7IOs,Wed Nov 01 00:30:30 +0000 2017
10685,matched_prev,I figured it out thanks 🤘🏽,Awesome! It's our pleasure. Feel free to reach out anytime a question comes up.,Wed Nov 01 00:14:00 +0000 2017
10689,matched_prev,updated to iOS 11.1 and there's so many glitches and bugs I found inside the update,We'd be happy to help. Send us a DM and we can start there. https://t.co/GDrqU22YpT,Wed Nov 01 00:27:58 +0000 2017
10691,matched_prev,Downloaded new software update and my iPhone 6S in perfect condition magically became inoperably glitchy. What a coincidence,We want you to have a smooth experience with our updates. What exactly is happening with your iPhone?,Wed Nov 01 00:31:01 +0000 2017
10693,10695,Well it is now 11 days after and still no sign of it,Thanks for letting us know. Please send us a DM with the current country you're in. https://t.co/GDrqU22YpT,Sun Nov 12 19:40:00 +0000 2017
10694,matched_prev,why do I not have my October challenge ring after competition? 😡😡,"If you complete an achievement, but don't earn the award, you will earn the award within 9 days of completing the challenge.",Wed Nov 01 00:05:37 +0000 2017
11092,matched_prev,Well it froze as I was ordering a pizza so I had to. And now it’s already to 49%,We'd like to offer our help. Please shoot us a DM and we'll explore the battery challenge. https://t.co/GDrqU22YpT,Wed Nov 01 00:49:31 +0000 2017
11100,11103,"It’s only done it with Apple Music and Apple Podcast, regardless if saved to phone or streaming",We want to help further! What model of iOS device are you using? Do you have the most recent version of iOS 11.1 downloaded?,Wed Nov 01 02:21:28 +0000 2017
11104,11105,iPhone 7 and yes the software is up to date,We'd like to investigate with you. Send us a DM and we can troubleshoot more from there. https://t.co/GDrqU22YpT,Wed Nov 01 02:34:31 +0000 2017
11101,matched_prev,"music and podcast “skip” around like a CD, then distorts and clears up in few seconds, only happens after iOS 11","We're here to help. Did this happen after a specific update, or just recently? Thanks!",Wed Nov 01 00:49:38 +0000 2017
11107,matched_prev,. . haven’t been able to type I since the new update https://t.co/BtR51UmAzb,We certainly want you to be able to type. Have you tried restarting the device since this has happened?,Wed Nov 01 00:50:59 +0000 2017
11110,11112,The whole phone will just crash or freeze for over a minute. It be spazzing out too like it has a ghost in it or something.,Thanks. We'll help get to the bottom of this together. What version of iOS are you currently running?,Wed Nov 01 01:15:00 +0000 2017
11118,matched_prev,"my watch has been saying I’ve been averaging 57 minutes, now today it’s 52, I checked and did the math it’s 57... what the??? https://t.co/kQWakgjXJ5",We'd like to help. Let's take this to DM and we'll explore ways to provide you assistance. https://t.co/GDrqU22YpT,Wed Nov 01 00:46:14 +0000 2017
11120,matched_prev,"6 plus, idk what iOS version.. and it was the rear facing camera",We'd like to gather more information. Let's meet in DM. https://t.co/GDrqU22YpT,Wed Nov 01 00:43:11 +0000 2017
11122,matched_prev,would love to know why my pictures look like this when I take a picture 😡 https://t.co/yVpQKCBzFu,We would love to help you with this! Is this the front or rear facing camera? Which device and iOS version?,Fri Oct 27 19:23:27 +0000 2017
11129,matched_prev,lucky I was home and next to this when it randomly started to smoke. Unplugged before disaster!! What the hell? https://t.co/k42Ei9OXuG,We want to look into this with you. DM us and let us know what model of computer you use this cord with. https://t.co/GDrqU22YpT,Wed Nov 01 00:34:17 +0000 2017
11133,11135,I received an error message. And another when I tried to set it up again in settings,"Let's give the steps in this article a try, and keep us posted on the results please: https://t.co/xqiXha6yeB",Wed Nov 01 01:06:00 +0000 2017
11136,11137,Tried the steps. Still receiving an error message. Just updated to iOS 11.1 and got the message when my phone restarted,"Alright, let's continue working on this via DM. Tell us what country you're currently in. https://t.co/GDrqU22YpT",Wed Nov 01 12:34:00 +0000 2017
11134,matched_prev,My Touch ID failed when I restarted my phone. Now it’s not working at all,"Did you receive an error message, or were you just prompted to enter in the passcode for your iOS device after the restart?",Wed Nov 01 00:36:48 +0000 2017
11139,matched_prev,I get prompted for a system administrator password on a MBP MacOS but there is no system administrator account I’m aware of!! https://t.co/M1DbEkDzaS,Let's take a closer look together. Which macOS version is installed currently? Where does this screen come up on your Mac?,Wed Nov 01 00:39:33 +0000 2017
11628,matched_prev,I've been trying to update to the newest iOS for some time. It never fully processes. Verification doesn't go through. Help.,"We're here to help. After backing up your device, let's try updating your device through iTunes: https://t.co/80YRnjDFDk",Wed Nov 01 01:05:17 +0000 2017
11633,matched_prev,Since I updated my iPhone I can’t download apps now. Thanks 🙄🙄🙄,Are you on the latest iOS 11.1 version?,Wed Nov 01 01:01:00 +0000 2017
11638,11640,"It only happens when I close WhatsApp, doesn’t happen with any other app. I run iOS11.0.3 https://t.co/TraFhnSo3i",How are you closing the App? https://t.co/GDrqU22YpT,Wed Nov 01 16:30:55 +0000 2017
11641,11642,"Like this. Open the Multitasking screen, swiping up on the WhatsApp app to close it; as seen in the video. https://t.co/yeOErcAbIz","Meet us in DM with a screenshot of what shows in Settings > Notifications > WhatsApp, please. https://t.co/GDrqU22YpT",Thu Nov 02 00:23:26 +0000 2017
11639,matched_prev,"I get this message when I close the app. When I touch it I get into the app, but getting this when closing the app is annoying.",Is this coming up with any other apps when doing the same thing? Which iOS version is in Settings > General > About?,Wed Nov 01 00:57:34 +0000 2017
11645,matched_prev,How do I get rid of this notification? https://t.co/MF02cJYU5A,Let's see how we can help. Is that the message you see when trying to swipe the notification and get to the app?,Mon Oct 30 14:43:46 +0000 2017
11647,matched_prev,Wow! Also in landscape! This is better than I think! https://t.co/3dgmcVMKXI,"We'd love to look into this with you! To begin, can you DM us what iOS version you're currently on? https://t.co/GDrqU22YpT",Wed Nov 01 00:59:06 +0000 2017
11650,matched_prev,Just updated it and still is turing my letter I into something different.,"Alright, no problem. Let's look into it closer via DM: https://t.co/GDrqU22YpT",Wed Nov 01 00:42:39 +0000 2017
11655,matched_prev,is my #IphoneX really going to ship between December 5-11? I preorder right when preordering open at 12:01,Thank you for reaching out. May we ask where you're located? Let us know in DM. https://t.co/GDrqU22YpT,Wed Nov 01 00:54:55 +0000 2017
11657,matched_prev,Ios 11.1 software update needs to be fixed,Let's continue within DM here: https://t.co/GDrqU22YpT,Wed Nov 01 00:54:23 +0000 2017
11659,matched_prev,Fix my shit,"We're always ready to help, but we'll need more details to start. Reply by DM with which model is it and what's happening with it. https://t.co/GDrqU22YpT",Wed Nov 01 00:38:07 +0000 2017
11663,matched_prev,how will iphone x recognize me with face id if I am wearing my du rag?,Great Question! You can read more about changing your appearance with Face ID here: https://t.co/etk4MmVSpa,Wed Nov 01 00:50:55 +0000 2017
11665,11667,My backup was stored to my MacBook Pro which battery died 2 months ago.,Let's take a look at this together in DM. https://t.co/GDrqU22YpT,Wed Nov 01 01:17:00 +0000 2017
11992,matched_prev,your latest iOS update had made my phone slower and apps like iMessage are slow to open and load. What’s up with this?,Hi. We are here to help. What is the specific iOS version that you have?,Wed Nov 01 01:05:39 +0000 2017
11995,matched_prev,any suggestions???,We'd like to look at service options with you. Let's take a look at this in DM. https://t.co/GDrqU22YpT,Wed Nov 01 01:19:19 +0000 2017
11998,12001,a couple of days ago. it’s been happening on a few of my friends’ phones as well.,Thank you for that info. Is this happening with all the apps or only a select few? https://t.co/GDrqU22YpT,Wed Nov 01 01:33:00 +0000 2017
12002,12003,It’s happening in all my apps. I’m thinking there’s a problem with the keyboard.,Thank you for confirming that. Let's discuss this further in DM. https://t.co/GDrqU22YpT,Wed Nov 01 01:54:29 +0000 2017
12000,matched_prev,what’s up with the letter “i” man? pls fix. i’m annoyed.,You've come to the right place. May we ask when you started to notice the situation?,Wed Nov 01 01:16:44 +0000 2017
12005,12007,No it doesn’t address. Nothing even included about battery improvement on the SW release notes from what I can see.,We want to make sure your iPhone works the way you expect it to. Let's get paired up in DM to get started. https://t.co/GDrqU22YpT,Wed Nov 01 12:10:41 +0000 2017
12006,matched_prev,I app. the reply. Iphone 7+. Not finishing for an 8 or an X just fix the SW. I can’t go another week with the 7+,We're asking which version you're running as we released iOS 11.1 today. It may help address the issues you've been experiencing.,Wed Nov 01 01:08:26 +0000 2017
12017,12018,Man I’m having the same problem. Thought EYE was alone. Was just about to accept life without ever using the word “I” anymore.,"We want to take a look into this with you. DM us your current iOS version, and we’ll start there. https://t.co/GDrqU22YpT",Wed Nov 01 23:33:29 +0000 2017
12013,matched_prev,Excuse me : when y’all gonna address the fact that some glitch is turning Is into hieroglyphics?!,We want your predictions to be accurate. Please DM us with the current version of iOS you have. https://t.co/GDrqU22YpT,Wed Nov 01 01:10:38 +0000 2017
12022,12024,"The only keyboard I have is whatever my iPhone came with. It’s occurring in everything: messages, social media, emailing ect.",We'd like to take a closer look. Send us a DM and we can start there. https://t.co/GDrqU22YpT,Wed Nov 01 01:34:51 +0000 2017
12566,matched_prev,It's a shame that Siri can't be used to turn off the timer. Pain to do it with messy hands. Send to the idea file?,We value your feedback. Feel free to leave it here: https://t.co/J46COPJzUo,Wed Nov 01 01:22:14 +0000 2017
12572,matched_prev,is there a way to opt out of iMessage and FaceTime during initial setup on an iPhone?,"We're here for you. There isn't a way to avoid iMessage activation with a number, but you can turn it off: https://t.co/R5zxAawOzV",Wed Nov 01 01:26:18 +0000 2017
12574,12578,If I type letter “eye” it does this. I,Please DM us with the iOS version showing in Settings > General > About. We're eager to look into what's going on. https://t.co/GDrqU22YpT,Wed Nov 01 02:01:00 +0000 2017
12581,matched_prev,why does I keep showing up as symbols?,We'd like to see what we can do to assist. What iOS version are you running?,Wed Nov 01 01:32:31 +0000 2017
12584,matched_prev,why is my phone doing this https://t.co/3gBYZHMlYs,Let's look into this for you. Send us a DM with your iOS version to get started. https://t.co/GDrqU22YpT,Wed Nov 01 01:35:42 +0000 2017
12586,matched_prev,"What do you make of this? (Top left corner) I am a US customer, and I think my phone has been hacked. https://t.co/5JE0SUCx90",Let's look into this for you. Send us a DM with your current iOS version to get started. https://t.co/GDrqU22YpT,Wed Nov 01 01:34:07 +0000 2017
12591,12593,It’s happening to a lot of my friends,Let's meet up in DM to continue. https://t.co/GDrqU22YpT,Thu Nov 02 13:26:16 +0000 2017
12596,matched_prev,"Seems I have a virus, I’ve been getting these pop-ups: https://t.co/RMppEqEQSq",Your security is our absolute priority. Visit this link for info on pop up adds in Safari: https://t.co/qr0pQfKgYD,Wed Nov 01 01:21:11 +0000 2017
12598,12600,Here is the problem https://t.co/tLi3hxIfJI,"We'd be happy to assist. To begin, are you completely updated to iOS 11.1? DM us to let us know. https://t.co/GDrqU22YpT",Wed Nov 01 02:29:30 +0000 2017
12599,matched_prev,APPLE WHY IS MY “I’s” coming out as question marked boxes & pounds ?! Fix it jeezus,Hi. We are here to help. What version of iOS do you have?,Wed Nov 01 01:26:08 +0000 2017
12602,matched_prev,Why do you keep charging my card for FREE apps? Im not happy at all.,"We're here for you. For unrecognized charges, use: https://t.co/taIxXM0mAZ For more help, contact us: https://t.co/SDIe7UiyJN",Wed Nov 01 01:15:11 +0000 2017
12605,matched_prev,What’s with the I I I I I I? I just want to write an I (eye),Can you confirm what iOS version you are running?,Wed Nov 01 01:25:19 +0000 2017
12607,12609,Yayz 11.1 and just 2 English and emoji,Thank you! Is this issue only occurring in messages or in other applications as well? Send us a DM to let us know. https://t.co/GDrqU22YpT,Wed Nov 01 01:57:31 +0000 2017
12608,matched_prev,Eye can’t type the letter eye without it changing to a? ... yes I reset the keyboard https://t.co/tfr6EIPPPX,We'd love to help! Which version of iOS are you currently updated to? What Keyboards do you have installed?,Wed Nov 01 01:24:19 +0000 2017
12611,12613,thanks! the 11.0.3 that came out the other day,Got it. Let us know in DM what the issue is that you're having? We'd be happy to help you out. https://t.co/GDrqU22YpT,Wed Nov 01 02:56:29 +0000 2017
12612,matched_prev,sooooooo any plans to fix all these bugs from the software updates for the iPhone 7??,We're here to help. What iOS version are you on?,Wed Nov 01 01:12:17 +0000 2017
9272,matched_prev,"Im using iPhone6s,it is installed with iOS 11.0.3 n battery drain problem is not resolved in it.When they resolve this issue in wht update?",We've received your DM and will be responding there shortly. Thank you.,Wed Nov 01 01:34:38 +0000 2017
13198,13199,Connect to*,"We understand how tough that is. Please send us a DM to let us know if you have a recent backup in iCloud, or iTunes. https://t.co/GDrqU22YpT",Wed Nov 01 02:08:26 +0000 2017
13197,matched_prev,Écran d’iPhone cassé. Impossible à connecter sur iTunes ... des astuces svp ?,We offer support via Twitter in English. Contact us for help in your preferred language here: https://t.co/IBIY3vMgPj,Wed Nov 01 01:50:57 +0000 2017
13203,matched_prev,my OTG adapter doesn't work on i8plus ios 11.1,Thanks for reaching out! Please DM your information so we can help with a solution. https://t.co/GDrqU22YpT,Wed Nov 01 01:45:37 +0000 2017
13207,13209,It gets stuck sideways and it will go up to previous messages and not show me the latest until I close the app and reopen.,"Got it. Which device are you experiencing this on? Let us know in DM, and we'll go from there. https://t.co/GDrqU22YpT",Wed Nov 01 15:08:00 +0000 2017
13211,matched_prev,what is happening with my phone??? I wrote “I got” and that happened https://t.co/V9oKSSZKGQ,We can look into this issue together. Send us a DM and let's begin. https://t.co/GDrqU22YpT,Wed Nov 01 01:32:42 +0000 2017
13215,matched_prev,Thanks fixed!!,"That's great news! If you need anything else, please feel free to reach back out to us.",Wed Nov 01 01:40:47 +0000 2017
13217,matched_prev,Been having same issue,We want to help. DM us details on the iOS version you have and which iTunes version. We'll work with you there. https://t.co/GDrqU2kzhr,Tue Oct 31 17:06:43 +0000 2017
13224,matched_prev,MacOS Sierra is taking up over 100G of my 120G SSD. Why does it take up that much space and can I do anything about it?,Let's team up in DM and determine how we can clear up this space. You can reach us at the link below. https://t.co/GDrqU22YpT,Wed Nov 01 01:39:29 +0000 2017
13578,13581,Ohh got 11.2 beta 1 😸 https://t.co/iObpTCjQkp,"For testing purposes, let's not install the iOS beta just yet. Could you send us a DM with your country to review further? https://t.co/GDrqU22YpT",Wed Nov 01 02:23:00 +0000 2017
13580,matched_prev,buggie spotted https://t.co/uiuCiaj3Pl,"Let's work this out! Have you been able to update to iOS 11.1? If not, use the steps here: https://t.co/80YRnjDFDk",Wed Nov 01 01:57:40 +0000 2017
13584,matched_prev,"Dear team, after update my iPhone 6 Plus its hang in the Apple logo screen.","Don't worry, we've got you covered! Check out the steps listed here: https://t.co/H7w57rsYVQ",Wed Nov 01 01:49:07 +0000 2017
13586,matched_prev,I got a crazy security bug issue with iOS 11.1,We'd like to help. Let's take this to DM and we'll explore ways to provide you assistance. https://t.co/GDrqU22YpT,Wed Nov 01 01:57:24 +0000 2017
13588,matched_prev,Why do I need a sim card when I’m joined to the WiFi? I’m only using this phone to test websites. https://t.co/xdINQXPvEX,"You'll need to insert a SIM and activate the iPhone, once that's done you can remove the SIM and use the iPhone on Wi-Fi.",Wed Nov 01 01:52:35 +0000 2017
13590,matched_prev,Tudo bom ??? Todos estão com o mesmo problema e é sempre com o iPhone 7 o que está acontecendo??? https://t.co/pn1UYIjdMo,"Since our Twitter support is available in English, get help at https://t.co/IBIY3vMgPj or join https://t.co/pvaOFfPbjt",Wed Nov 01 01:46:13 +0000 2017
13931,matched_prev,This what happens to my iPhone after I downloaded IOS 11.1 https://t.co/kiufuUwNLr,We certainly want to help! Is this while connected to iTunes? Send us a DM to let us know. https://t.co/GDrqU22YpT,Wed Nov 01 02:17:46 +0000 2017
13933,matched_prev,"after updating to ios 11.1 I have no service, displays no service. reset networking settings does nothing",We'd like to see what we can do to assist. DM us and we'll continue from there. https://t.co/GDrqU22YpT,Wed Nov 01 02:15:21 +0000 2017
13938,matched_prev,it’s been doing this for two days... cmon https://t.co/SVOOZiTXli,"We're anxious for you to have access to your downloads. Have you had a chance to restart the iPhone? If not, let's do that now.",Wed Nov 01 02:12:51 +0000 2017
13941,13943,Sent to same group of contacts (one is non iPhone user) worked with photo didn’t work with pano,We'd love to continue working with you. Let's move the conversation to DM. https://t.co/GDrqU22YpT,Wed Nov 01 03:27:00 +0000 2017
13942,matched_prev,super frustrating trying to send a pano but sending photo works just fine?? Am I doing something wrong? #iOS11 👎 https://t.co/WGgmrsf9jD,You've come to the right place. We're eager to help. Is this happening with SMS (non-iPhone) contacts as well?,Wed Nov 01 02:12:06 +0000 2017
13945,matched_prev,Wait why did my letter “I” change into weird characters?!?,We'd like to look into this. Does this happen in all apps you use the keyboard with? Which device is this happening on?,Wed Nov 01 02:06:01 +0000 2017
13947,matched_prev,Thank you so much for your help.,You're quite welcome!,Wed Nov 01 02:11:04 +0000 2017
13949,matched_prev,I have updated my WatchOS but cannot stream the radio on LTE () . Wi Fi (both tethered and direct from watch) works,You're in the right place for help. Let us know in a DM if the issue started randomly or since you first setup the Watch. https://t.co/GDrqU22YpT,Wed Nov 01 01:21:31 +0000 2017
13951,matched_prev,HELP EVERYTIME I TYPE I ONLY SYMBOLS COME UP I WANT TO BE ABLE TO TALK ABOUT MYSELF,We know it's important to have your device working correctly. We'd like to help. Let's meet in DM. https://t.co/GDrqU22YpT,Wed Nov 01 01:57:58 +0000 2017
13591,matched_prev,"O meu está acontecendo a mesma coisa, já redefini a senha e nada","Since our Twitter support is available in English, get help at https://t.co/IBIY3vMgPj or join https://t.co/pvaOFfPbjt.",Wed Nov 01 02:07:39 +0000 2017
14182,matched_prev,what’s up with autocorrect changing it to i.t? i’ve already tried to do the text replacement trick and i.t won’t work,We'll do everything we can to help get this resolved. What type of device are you using and which version of the operating system is currently installed? Tell us the answers via DM. We'll meet up with you there. https://t.co/GDrqU22YpT,Wed Nov 22 06:36:37 +0000 2017
14212,matched_prev,IOS 11 has been a nightmare since I downloaded it. Battery SOC is all over the board and slower than ever before,That should not be happening. We'd be happy to help. Which iOS version are you currently using? You can check in Settings > General > About.,Wed Nov 22 05:27:38 +0000 2017
14231,matched_prev,why iOS Keyboard looks weird in Landscape mode i was typing like nfjfhfbd wanzkdejfc c #fallontonight Help me!!,"Let's work together to figure out what's happening with the keyboard on your iOS device. Send us a DM with what type of device you're using, along with your specific iOS version. We'll continue working with you there. https://t.co/GDrqU22YpT",Wed Nov 22 05:21:33 +0000 2017
14306,14309,And this is on both iMessages and SMS. Texts without images work fine. And I just migrated from a old iPhone to a new one!,Got it. Let's give the steps in the following article a try please: https://t.co/2hgNQH8Vvq Let us know how that goes in a DM. https://t.co/GDrqU22YpT,Wed Nov 01 03:06:28 +0000 2017
14308,matched_prev,MMS bug on iOS 11.1. MMS won’t send on iPhone 6S.,We'd like to look into what's going on with your MMS. What happens when you try to send? Do you get an error?,Wed Nov 01 02:31:34 +0000 2017
14311,matched_prev,Can I un-update my phone so it can stop freezing up and I can stop having to reset it 10 times a day? 🙃,Thank you for reaching out to us. Let's take a look at this in DM. https://t.co/GDrqU22YpT,Wed Nov 01 02:33:30 +0000 2017
14313,matched_prev,Can’t share any photos from iCloud with iOS 11.1 https://t.co/Ef0VgWX6US,We'd like to help. Let's take this to DM and we'll explore ways to provide you assistance. https://t.co/GDrqU22YpT,Wed Nov 01 02:25:48 +0000 2017
14317,matched_prev,"Just deleted and reinstalled the app, but it doesn’t make any difference",You did a great job going through those steps. DM us here to contiue further:,Wed Nov 01 02:31:10 +0000 2017
14319,matched_prev,"My Calendar app doesn’t work at all after iOS 11.1, can’t see other months and it just shuts down, I have an IPhone SE",We want to help you. Are there any troubleshooting steps you tried on your own? We want to make sure we don't repeat any steps.,Wed Nov 01 02:16:46 +0000 2017
14321,matched_prev,1+2+3=23 https://t.co/cSgahr4x35,Lets look into this for you. Send us a DM with your exact iOS version to get started. https://t.co/GDrqU22YpT,Wed Nov 01 02:26:40 +0000 2017
14324,matched_prev,just purchased iTunes movie on ATV in HD. Stops to buffer and stream every 5 minutes. Very unpleasant experience. Never had issues with movies. showing 30+ mbps DL🤷🏻‍♂️,We want to help with your Apple TV. Click here to reach our team that can assist with your Apple TV: https://t.co/IBIY3vMgPj,Wed Nov 01 02:15:45 +0000 2017
14326,matched_prev,"Updated my phone last night & now its stuck in headphone mode, cant hear anything on video, FaceTime & call sound goes in&out",We'd like to help. Let's take this to DM and we'll explore ways to provide you assistance. https://t.co/GDrqU22YpT,Wed Nov 01 02:28:04 +0000 2017
14328,matched_prev,why does this keep happening? Started prior to iOS 11.1 update. Still happens post update. https://t.co/OykRItEdQP,Let's look at this closer. Please DM us. https://t.co/GDrqU22YpT,Wed Nov 01 02:24:55 +0000 2017
14334,matched_prev,. WHY DOES THIS KEEP HAPPENING😭 https://t.co/7v4aCGW3lO,We want to help! DM us and let us know more about the issues you are having. https://t.co/GDrqU22YpT,Wed Nov 01 02:19:41 +0000 2017
14837,14839,Help! My computer has been like this since yesterday & I need it. I don’t know what to do. https://t.co/zq8C4Vt7Fn,"Use the link below to send us a Direct Message. We’ll meet you there, and we can work towards a resolution together. https://t.co/GDrqU22YpT",Wed Nov 22 15:20:00 +0000 2017
14841,14842,"So, that got me back in, but now Mail won’t work.","What happens when you try to open or use the Mail app? Let us know more in DM, please. https://t.co/GDrqU22YpT",Wed Nov 22 21:10:00 +0000 2017
14838,matched_prev,iOS 11 is draining the battery on my iPhone 7 twice as fast as iOS 10. Help!,We'd like to gather some more information for better troubleshooting. Can you DM us the country you are located in? https://t.co/GDrqU22YpT,Thu Sep 28 18:32:39 +0000 2017
14861,14863,Still same thing smh,"Thank you for testing out those steps. Send us a DM telling us the iPhone you have, and what happened before you restarted it. https://t.co/GDrqU22YpT",Wed Nov 01 12:38:03 +0000 2017
14862,matched_prev,my phone was acting up. I then restarted it and now all it does is stay on the apple logo when I turn it on. Wtf,We’ve got your back. Let us know if the steps in this article help with your iPhone: https://t.co/8MvHMFZ83h,Wed Nov 01 02:44:02 +0000 2017
14865,matched_prev,I’ve tried to do the upgrade program online and can’t. t-mobile as a carrier and no apple store closer then 3hours away. Help,We'd like to help. Let's take this to DM and we'll explore ways to provide you assistance. https://t.co/GDrqU22YpT,Wed Nov 01 02:36:01 +0000 2017
14867,matched_prev,Hey the new iOS is killing me! Email freezing and horrific battery life. What gives- I can’t even go back to old iOS. Grrrrrr,We're here to help. DM us which iOS device you are using to get started. https://t.co/GDrqU22YpT,Wed Nov 01 02:40:42 +0000 2017
14869,matched_prev,add me to the list of the people having the “question box” autocorrect thing. Running the most current iOS on an iPhone8+.,Hey there. Let’s take a look further into this. DM us letting us know when this started. https://t.co/GDrqU22YpT,Wed Nov 01 02:37:53 +0000 2017
15308,matched_prev,Yo why is this happening to everyone I know?? Pls fix this issue. Anyone else? 🙄🙄🙄 https://t.co/XSuGhCN8c8,Let's look at this together. Please DM us. https://t.co/GDrqU22YpT,Wed Nov 01 02:54:44 +0000 2017
15315,matched_prev,"4 hrs w/iOS 11.1, no change in battery consumption . Thanks anyway. Can we have iOS 10 back ?",We're sorry to hear you're still having problems. Please DM us and we'll go from there. https://t.co/GDrqU22YpT,Wed Nov 01 02:53:50 +0000 2017
15317,matched_prev,Still can’t stream https://t.co/Hy1XDxdBuL,We're happy to help. Reach us here for more assistance: https://t.co/IBIY3vMgPj,Wed Nov 01 02:49:03 +0000 2017
15433,matched_prev,Anyone else having battery issues in IPhone? Degrading way to fast.,"Having a reliable iPhone is important, and we want you to enjoy using it without worrying about battery life. Which iPhone do you have, and what's the iOS version it's currently running? DM us with details here: https://t.co/GDrqU22YpT",Wed Nov 22 07:53:09 +0000 2017
15467,matched_prev,hi all. and settings apps keep crashing on iOS 11.1.2. See attached video. Is this a known issue? https://t.co/bjiEsXG7uG,Thanks for bringing this to our attention. We'd like to look into this further. Please click here to join us in DM: https://t.co/GDrqU22YpT,Wed Nov 22 08:32:26 +0000 2017
15712,matched_prev,"Hey , what is going on with the “I” key in iOS 11.1. When you press it, it defaults to a weird character and skips spaces. https://t.co/36PUW31SdN",Let's look into this for you. Send us a DM and we can check on available options. https://t.co/GDrqU22YpT,Wed Nov 01 03:07:18 +0000 2017
15719,matched_prev,Actualize a iOS 11.1 y sobrecalienta el equipo,We offer support via Twitter in English. Get help in Spanish here: https://t.co/IBIY3vMgPj or join https://t.co/OczyRx7IOs,Wed Nov 01 03:01:57 +0000 2017
15722,matched_prev,"6 years later I still can’t access Contacts on iCloud, what do we need to do to finally get this fixed, ? //cc https://t.co/EP9KWcig3M","You should be able to access your iCloud contacts on the web. DM us, and we'll see what we can do. https://t.co/GDrqU22YpT",Wed Nov 01 03:00:09 +0000 2017
15725,matched_prev,why my phone doing this????,"We’d love to help. To start, please send us a DM letting us your iPhone model. https://t.co/GDrqU22YpT",Wed Nov 01 03:03:15 +0000 2017
17292,matched_prev,"So you spend over one thousand pounds on a new #Apple laptop, it breaks, goes in for a two week repair and then comes out... BROKEN AGAIN. I can’t even get through to customer service now. #rippedoff","We're happy to help you out here. Let's meet up in DM, and we can work together. Please let us now a few more details about the issue as well as the type of Mac and your current country as our options are a little different around the globe. https://t.co/GDrqU22YpT",Wed Nov 22 12:12:18 +0000 2017
17307,matched_prev,"in a matter of 4 hours i had to make 3 hard resets on my phone, i just made 2 hard resets on this phone’s life before iOS 11. fix this",Certainly not what we want you to experience. We'd love to look into this with you and help resolve ensure your iPhone is working 100% as expected. Please DM us and let us know which iPhone and the exact version of iOS you're using. https://t.co/GDrqU22YpT,Wed Nov 22 11:03:45 +0000 2017
18835,matched_prev,"Ur customer support wants me to speak to another repair center to see if they’ll quote a lesser price! I mean, REALLY!! Gotta be kidding me. I used to swear by Apple Customer Service. Is this the best that you guys can do now?",We know how much we rely on our iPad from surfing the internet to sending emails to watching movies. We'll be happy to look into your situation. Can you DM us if the device turns on at all? Does it boot to an Apple logo? https://t.co/GDrqU22YpT,Wed Nov 22 13:36:27 +0000 2017
18871,18873,"the screen had green lines on one side and then stopped working altogether. Afraid I can't remember the OS, I expect it was in the latest OS when it broke about 8 weeks ago if hat helps?",Indeed that is very helpful. We'd like to gather more information from you. Please click on the link to continue this conversation in DM. https://t.co/GDrqU22YpT,Wed Nov 22 16:10:28 +0000 2017
18872,matched_prev,"the screen on our iPad Pro has stopped working 😔. I've read a few articles about weak screens on some models - is there anywhere I can check the model number, or will it be a £400 repair bill? Thanks","Thank you for reaching out to us. We'd be happy to try everything possible to provide the best support options. First, let's work as a team as we gather more information. DM us if you noticed any changes before the screen went black. What iOS is the device running? https://t.co/GDrqU22YpT",Wed Nov 22 13:14:49 +0000 2017
18888,matched_prev,What should I do ? 🤕 my iPhone's temp feels normal though https://t.co/vaqLSGj1q7,We can look into what's happening with the flash on your iPhone. How long have you been seeing this? Does a restart help? Which version of iOS are you using? You can check that in Settings > General > About. Let us know in DM and we'll work from there. https://t.co/GDrqU22YpT,Wed Nov 22 12:33:34 +0000 2017
20022,matched_prev,12/9TB of storage completely unusable and what happened to the data? What’s up Apple? 2/2 https://t.co/Ai8NLzzcVB,We'll be happy to see how we can help. Which Mac are you using this with?,Mon Oct 02 05:58:46 +0000 2017
21134,matched_prev,"just installed your latest update on my 6s, it failed, and now my phone won't even restore ""error 21"", thanks apple","We're happy to help get your iPhone back up and running. To start, check out the steps for that error here: https://t.co/VtLfFWoKGX",Wed Nov 22 14:59:46 +0000 2017
21137,matched_prev,Version 11.11 (15B150),Thanks! We'll want to get your iPhone updated to iOS 11.1.2. Here's how: https://t.co/80YRnjDFDk,Wed Nov 22 15:12:01 +0000 2017
22988,matched_prev,"Trying to download an app to a family member's phone that I purchased as the family group organizer. Being asked to purchase it, but I don't want to be charged again. Suggestions? https://t.co/Y730eW0nZe","We can help. As long as this app supports Family Sharing, you'll be able to download it by following the steps in our article. Give them a shot, and let us know if this continues: https://t.co/IotWsTk0Px https://t.co/GDrqU22YpT",Sun Nov 26 00:32:47 +0000 2017
22990,22992,This is the sound iOS 11.1.2 https://t.co/DnBzTBBg88,Thanks for that video. Let's look deeper into this with you. DM us what country you are in and we'll continue from there. https://t.co/GDrqU22YpT,Sun Nov 26 00:54:27 +0000 2017
22994,22996,"No error messages show up. The app will not open from the dock, applications folder, or any other location.",When did you start to see this happening? Have you tried safe mode yet? If not here's how: https://t.co/PQ4LSYhUTY,Sun Nov 26 00:55:25 +0000 2017
22997,22998,This started a few months ago. I tried safe mode and had no success,Let's dig further in via DM to see what we can figure out. Are you able to access iTunes and the iTunes store fully? https://t.co/GDrqU22YpT,Sun Nov 26 02:25:00 +0000 2017
22995,matched_prev,help!! My Mac App Store will not open so I cannot update my 2015 MacBook Pro currently running on OS X Yosemite 10.10.3,We'll be happy to assist. Are you getting any errors when you try to open the Mac App Store?,Sun Nov 26 00:33:01 +0000 2017
23080,matched_prev,My MacPro is burning up while in sleep mode. Reliably returning to a computer thats been overheating for hours. Who pays when something burns out on a super expensive machine due to a glitch?! #Apple #MacPro,This is not an expected nor does it sound normal. We can understand your view on this and would like to take a closer look. Can you let us know where this heat seems originate on the Mac? Send us a DM. https://t.co/GDrqU22YpT,Sun Nov 26 00:19:10 +0000 2017
23082,matched_prev,The problem has seemed to resolve itself. Thanks so much for replying. If I have any further problems I will message.,"That's great news! Thanks for keeping us updated. If you run into any other issues, please let us know. Have a great weekend.",Sun Nov 26 00:23:39 +0000 2017
23084,matched_prev,I have tried it on different WiFi and cell data. It seems to not work. Then quite some time after I have tired to download it will pop up multiple times to allow it to download then later it downloads out of no where. So it’s strange.,We definitely understand where you're coming from. Let's take a deeper look into this. Send us a DM and we'll get started. https://t.co/GDrqU22YpT,Sat Nov 25 02:00:08 +0000 2017
23086,matched_prev,I decided to download IOS 11. Now I can’t download anything from the App Store. Is this problem being fixed soon? I’ve tried all the options to make it work. #worstdecisionever,We know how important apps and app updates can be. We'd like to help. Does this happen when you're using Wi-Fi or cellular data? Is there another network you can try?,Fri Nov 24 18:20:42 +0000 2017
23089,matched_prev,It cuts on but only to the apple logo and then it turns off again and idk iOS 10,Have you had a chance to connect to your charger? Please let us know in DM what happens when you do that. https://t.co/GDrqU22YpT,Sun Nov 26 00:15:40 +0000 2017
23091,matched_prev,my phone crashed for no reason. What you gonna do about it? I'm stressed and depressed right now. Thanks,"We're happy to help. When you say your iPhone crashed, could you please provide a few more details? Also, which software version are you using?",Sun Nov 26 00:04:59 +0000 2017
23093,23095,Apple Music.,"To be sure we provide accurate information, can you tell us which device you're using?",Sun Nov 26 00:50:26 +0000 2017
23094,matched_prev,Dear what happened to ‘Play Next’?,"Thanks for reaching out. We'd like to know more to help. Are you referring to the Podcast app, Music or a different app? Let us know and we'll take it from there.",Sun Nov 26 00:24:40 +0000 2017
23100,matched_prev,", why do I keep getting charged over £20 for anything I buy from iTunes? Bought an album for £4.99 and got charged £20.67. Same thing happened a couple of weeks ago to. Why?! https://t.co/0fIDOKovNP",Our iTunes Store team would be happy to look into this with you. Reach out to them here: https://t.co/SDIe7UiyJN,Sun Nov 26 00:21:44 +0000 2017
23102,23104,The developper of Videoshop has been able to reproduce the bug and said it is a problem with iOS 11 and he can’t do anything about that problem. Sorry but... what is DM? (I’m sorry if it’s a stupid question),No worries. DM refers to Direct Message. It's a space that'll provide more room for us to work. You can get there using this link: https://t.co/GDrqU22YpT,Sun Nov 26 01:42:00 +0000 2017
23103,matched_prev,"And by the way, since iOS 11, Minecraft doesn’t work if I’m on the wi-fi so I cannot play with my son anymore. I see the logo and a white screen forever. If I desactivate the wi-if, the game open normally.","OK! Thank you for those details. So we can take a closer look, please let us know in DM if you have updates available for either app in the App Store. https://t.co/GDrqU22YpT",Sun Nov 26 00:18:03 +0000 2017
23107,matched_prev,"All website. I can record with audio. The recording are playing well in Photos and the sound is ok. But when I import them in iMovie, the sound doesn’t follow. Only if I was in Safari when I made the screen recording",Is this iMovie for iOS or for the Mac?,Sat Nov 25 22:17:50 +0000 2017
23111,matched_prev,11.1.2 and the bug with the sound when you record screen on website or try to edit in iMovie still there!,We're happy to help out. Can you tell us more about these issues? Thanks!,Sat Nov 25 19:14:37 +0000 2017
23113,matched_prev,Thanks for the direct link. I left a note.,You're welcome. We're here to help if you have questions in the future.,Sun Nov 26 00:15:42 +0000 2017
23117,matched_prev,"Hi, it looks like I can no longer set the Podcasts app to only keep two recent episodes, and now a bunch of my podcasts are piling up and eating up my storage. Am I missing something or is this setting gone forever?","Thanks for the question. You can navigate to Settings > Podcasts and set the download feature to manual. This will keep episodes from downloading until you are ready. Also, you can set it up to delete played episodes.",Sat Nov 25 22:05:54 +0000 2017
23122,matched_prev,you guys are terrible back in October you said you’d send me something so I could send in my AirPods for repair since they didn’t work when I bought them. You never sent them to me at fort sill. Thanks!,We are happy to help. Please DM us and we will continue from there. https://t.co/GDrqU22YpT,Sun Nov 26 00:13:57 +0000 2017
23126,matched_prev,So how many attempts do I get and what happens if i Enter the wrong code???,"After attempting so many tries to enter the Restrictions passcode, your device will prompt you to wait an extended time before letting you try again.",Sun Nov 26 00:05:49 +0000 2017
23134,matched_prev,"Can you tell me how I can scan a document into notes, if I’ve already taken a picture of it, i.e. I want to use the image that’s already in my photo library. I can’t see a way to do this. Thanks!","Sure thing! We are glad to help! Could you let us know which iOS version you are running? The process has changed a little, and we want to make sure we’re giving you the best direction. You can find this info at Settings > General > About.",Wed Nov 22 12:49:06 +0000 2017
23142,matched_prev,Hello can you fix the keyboard bug in landscape mode? https://t.co/0rOjfDZJyx,"We'd like to take a closer look at this with you to figure out what's going on. Reach out to us via DM. When you do, be sure to confirm what type of device you're using, along with the specific version of iOS 11 that's currently installed. https://t.co/GDrqU22YpT",Wed Nov 22 15:38:20 +0000 2017
23166,matched_prev,My worst fear came true... my iPhone alarm isn’t working and never went off this morning,"Hello. We are here to help. Has this happened previously. Also, what is your iOS version?",Wed Nov 22 13:37:55 +0000 2017
23178,matched_prev,upgraded to 11.1.2 and iTunes Player won’t work on iPhone 7. ANNOYING,"Let’s work together to get this resolved. To be sure we’re on the same page, are you noticing and issue with the Music app, or a different app?",Wed Nov 22 11:06:21 +0000 2017
25247,25249,"I bought this phone on Friday and restored from a back up, it looks as if everything’s restored but it’s telling me it hasn’t here https://t.co/FiWBGeOtwh","Thanks for the screenshot, that really helps. Let's meet in DM and we can continue there. https://t.co/GDrqU22YpT",Wed Nov 22 17:22:00 +0000 2017
25248,matched_prev,"i’ve tried restarting it a couple of times and no luck, just deleted it and i’m still getting the notification","Great job trying that. Besides downloading that game, have you downloaded anything else prior to this happening? Music or any other apps? Have you updated or restored from a backup recently? And, which iOS version is found at Settings > General > About? https://t.co/GDrqU22YpT",Wed Nov 22 16:19:01 +0000 2017
25251,matched_prev,ever since I downloaded Animal Crossing I keep getting these notifications even though it’s fully downloaded and I’ve been playing it :( please help https://t.co/wthMnb9nou,"We can see how that would get in your way. Have you restarted your iPhone as a troubleshooting step? If you already have done so, let's delete Animal Crossing and see if this still occurs. If the error message ceases, we'll reinstall and go from there.",Wed Nov 22 11:36:41 +0000 2017
25267,matched_prev,why does it keep changing to I.T?,"You're in the right place for help! To guide us through troubleshooting steps, may we have the device and iOS version you're having this issue with?",Wed Nov 22 16:14:55 +0000 2017
25317,25319,"Thanks for ur quick reply, yes it works for me. But I hope I will not face same problem in the future.","We have the same hope. If you do run into issues with an update in the future, we'll be here for you.",Wed Nov 22 17:17:51 +0000 2017
25318,matched_prev,", I just wanted to let you know that this is the second time facing a problem (sudden shutdown) with my iPhone which lead me to restore, delete everything and fresh install due to your recent software updates. Pls fix this issue quickly!!","We're glad you reached out to let us know. It's never our intention for you to have issues after updating the iOS on your iPhone. Did restoring help? If not, send us a DM and let us know. We're always happy to help work through any concerns with your iPhone. https://t.co/GDrqU22YpT",Wed Nov 22 16:09:16 +0000 2017
25423,25425,11.1.2. I haven't tried it yet with my little Bluetooth sound bar at home but will soon.,"Thank you. Please let us know. If the issue is only with CarPlay, your firmware may need to be updated. Please visit us here: https://t.co/tqjOBvBgl0 for more information.",Sun Nov 19 20:02:29 +0000 2017
26670,matched_prev,No thanks. I’d rather switch to Android than discuss this further.,We'll be here should you need to reach out again for help as we understand wanting to enjoy your device. Have a good one.,Wed Nov 08 23:19:29 +0000 2017
26672,matched_prev,Oh and would you look at that..... hope you can decipher what that says. It’s like reading hieroglyphics. 👏🏼,Let's continue within DM here: https://t.co/GDrqU22YpT,Wed Nov 08 23:02:47 +0000 2017
26681,matched_prev,tell me why the i keeps doing this stupid shit A with the boxed question mark make it stop,Here’s what you can do to work around the issue until it’s fixed in a future software update: https://t.co/xXaXeeSRt9,Wed Nov 08 21:32:23 +0000 2017
26684,matched_prev,"Teally upset, downloaded latest 11.0 update now apps will not work on iPhone or IPad. Tech support was worthless after 120 minutes tried to blame me! Getting new phone and different notebook. This is outrageous!",We'd be happy to look into this with you. Feel free to DM us what country you're located in and we'll go from there: https://t.co/GDrqU22YpT,Wed Nov 08 23:15:21 +0000 2017
26689,matched_prev,6s. 11.0.3.,Got it. Let’s complete the update to iOS 11.1. Here’s a link that will help: https://t.co/80YRnjDFDk,Wed Nov 08 23:22:23 +0000 2017
26691,matched_prev,"my iphone is still glitchy, keeps swapping screens when I try to type.","Thank you for reaching out. We want to help. To start, can you tell us which iPhone and iOS you’re using?",Wed Nov 08 20:16:09 +0000 2017
26704,26706,Yes it's just that one,"Was this purchased or was it content that was available for free? Also, was it downloaded to your device or did you stream it?",Wed Nov 08 23:45:01 +0000 2017
26708,26709,Maybe it's the phone making problems? Maybe I should do the iOS updates?,Which iOS version are you currently using? Let us know in a DM. https://t.co/GDrqU22YpT,Wed Nov 08 23:56:13 +0000 2017
26705,matched_prev,"Yes thank you! So I downloaded ""Harry Styles: Behind the Album/ Behind the Music Video"" in May. And now suddenly I just can't watch it",Are you able to play other videos and music without issue?,Wed Nov 08 23:18:24 +0000 2017
26714,matched_prev,help? https://t.co/jq11xG12w0,"We're here to help in any way we can. Since we offer support in English, could you let us know what the message says?",Wed Nov 08 22:57:48 +0000 2017
26716,matched_prev,I hit up your DMs,"We appreciate that. We did receive your DM, so check for a response there shortly. https://t.co/GDrqU22YpT",Wed Nov 08 23:20:35 +0000 2017
26722,matched_prev,i would rather be called a peasant than use a phone that glitches out when “I” type the letter “I” figure your shit out.,Here’s what you can do to work around the issue until it’s fixed in a future software update: https://t.co/xXaXeeSRt9,Wed Nov 08 21:14:47 +0000 2017
27504,matched_prev,Yes i am able to update them using cellular data. And yes i update all of them at once,"Thanks so much for letting us know. Since it's been isolated to a Wi-Fi issue, we want to rule out Wi-Fi connection settings and software on the device itself. Please meet with us in DM so we can continue to work together. https://t.co/GDrqU22YpT",Wed Nov 22 16:55:50 +0000 2017
27506,matched_prev,"I am using iOs 11.1.2 in my iphone 6s.. as soon as put the apps in update, they get pending to get updated and later on failureof update notice pops up","We understand how important it is to keep your apps up to date. So we're clear, are you trying to update all or one at a time? Are you able to update using cellular data?",Wed Nov 22 14:28:12 +0000 2017
27508,matched_prev,Unable to update apps when connected to WiFi.,"Thanks for reaching out to us about this issue. We want your device to work for you and we'll be happy to help out. To get started, can you tell us which device and OS version you're having this problem with? Also, what happens when you try to update?",Wed Nov 22 06:05:21 +0000 2017
27511,matched_prev,please tell why my new iPhone 8 keeps telling me that iMessage is waiting for activation,"We want to do all we can to get your iMessage working on your new iPhone 8. Please let us know in DM, what iOS software is currently installed on the device, along with the exact error message you're seeing. We'll be happy to help from there. https://t.co/GDrqU22YpT",Wed Nov 22 16:59:39 +0000 2017
29547,matched_prev,I GOT IT TO WORK thanks to chatting w/a tech who had another one call and help me out! Thanks so much!! xxoo,We are happy to hear all is working as expected again. Enjoy the rest of your day.,Wed Nov 22 17:31:36 +0000 2017
29549,matched_prev,"Sometimes they're connected, sometimes they're not. Sometimes it even says bluetooth not available in the bar on top yet one will be connected!? Started after I updated.","You mentioned the Bluetooth icon shows as not available sometimes. Is the Bluetooth icon grayed out at the top? When this occurs, are you able to toggle Bluetooth on and off via System Preferences? Let's dig into this deeper over DM: https://t.co/GDrqU22YpT",Wed Nov 22 16:45:43 +0000 2017
29553,matched_prev,Since the newest update my MAC won't stay connected to my mouse & kb (bluetooth). Help !?!,"We know how essential Bluetooth is to using wireless devices. We'll be happy to work with you to get to the bottom of this. To confirm, you updated to macOS 10.13.1, correct? Have you tried unpairing and repairing your Bluetooth devices?",Wed Nov 22 15:33:17 +0000 2017
29560,29562,Other wired thing before I update I had 6 gig available and after I have 10 more. I don’t know why,Did this just happen when you updated to iOS 11.1.2 or did you notice it with a previous iOS update? Did the slowness start with this update or a previous update? Let us know in DM. We'll continue there. https://t.co/GDrqU22YpT,Wed Nov 22 19:01:00 +0000 2017
29558,matched_prev,your new iOS slowdown my phone and delayed everything. you should know by now that some folks works with their phone and you can messe up people work. Test the damn thing before lunch it. Or come up with a big warning “it slow down 6.7,"We understand how important your iPhone is, and we're here to help. Send us a DM, and we'll take a closer look at your device together there. https://t.co/GDrqU22YpT",Wed Nov 22 17:28:42 +0000 2017
31410,31411,That worked. Thank you.,You're very welcome. Please let us know if there's anything else we can do for you.,Wed Nov 01 18:13:30 +0000 2017
31412,31413,It’s still happening,Let's continue to work together on this issue. Send us a DM. https://t.co/GDrqU22YpT,Thu Nov 02 17:38:00 +0000 2017
31408,matched_prev,the I keeps autocorrecting to a strange symbol,Let's look in to this issue together. Which iOS version is installed? You can find that from Settings > General > About.,Wed Nov 01 03:42:17 +0000 2017
31419,matched_prev,#iphoneissues why is my phone recognizing capital i as an emoji? This is annoying. i can’t write professional emails for work https://t.co/BrCygZdzD6,We'd be happy to help. Let's move over to DM. Let us know your iOS version. https://t.co/GDrqU22YpT,Wed Nov 01 03:48:54 +0000 2017
31424,matched_prev,would be nice if you guys fixed your stuff so I can type I normally instead of I popping up every time..,We're here to help. Let's take this to DM so we can better assist you. https://t.co/GDrqU22YpT,Wed Nov 01 03:46:31 +0000 2017
31426,31428,iOS11 I’ve tried resetting the keyboard it didn’t work.,Join us in DM and send us a screenshot of Settings > General > About. https://t.co/GDrqU22YpT,Wed Nov 01 15:33:08 +0000 2017
31432,matched_prev,Hey my keyboard is going haywire when I type I #help https://t.co/v7Tfc47sgK,We'd like to help. Which software version are you using on your iPhone?,Wed Nov 01 03:28:51 +0000 2017
31435,31437,"Just used your ""chat"" portion on help, it won't let me chat with anyone. My apple ID has been very buggy","You can follow the steps listed in ""Cancel Order"" section to have this canceled: https://t.co/jr7MZtpSNY",Wed Nov 01 21:53:00 +0000 2017
31438,31439,"Yes, same thing. Its not working. I'm trying on both my account and as a guest. It says both times that I do not have access.","Meet us in DM with your location (country), please. https://t.co/GDrqU22YpT",Wed Nov 01 22:40:31 +0000 2017
31441,matched_prev,can you tell me why my Apple tv4 with screen saver set to never update will suddenly have new a “video” in the aerial views?,"Thank you for reaching out to us. For help with this, please contact our Apple TV experts here: https://t.co/IBIY3vMgPj",Wed Nov 01 03:19:47 +0000 2017
31444,matched_prev,"Hey I think my phone has dementia. No matter how many times I tell it not to update, it keeps asking.","While this is expected to send reminders, you can leave us feedback about that here: https://t.co/eTPVYVFyd8",Wed Nov 01 03:17:31 +0000 2017
31447,matched_prev,"Hey So it’s been like this for a while, from 10.13 to 10.13.1, even under the Technology Preview version, any idea? https://t.co/HEAH6jsNi3",We want to take a look at this with you. Reach out to us in DM with more information. https://t.co/GDrqU22YpT,Wed Nov 01 03:44:01 +0000 2017
31449,31451,October challenge was fine. November challenge went weird after update,Which iPhone model do you have and what's the exact iOS version installed? Any steps tried so far? https://t.co/GDrqU22YpT,Wed Nov 01 17:52:00 +0000 2017
31450,matched_prev,#AppleWatch #os4.1 has a glitch. November Challenge show I’ve burnt a lot of calories in just 14.5 hrs https://t.co/q30Qxagb7e,"We'll be happy to help out. To clarify, did October record calorie burning accurately or is this a new issue for November?",Wed Nov 01 03:25:11 +0000 2017
31454,31456,"Thanks! I guess I know the reason why.Wherever u put the assistive touch up,down,middle & when pressed is also where the control center is.",That is expected for Assitive Touch. The following article provides more information. https://t.co/v2idjufVri https://t.co/GDrqU22YpT,Wed Nov 01 15:40:32 +0000 2017
31455,matched_prev,"Hi after upgrading to iOS 11.1 this control center dunno where to stay - up, middle and down. Now in the upper section. ios11 https://t.co/pK9efWapng","Hey, we'd love to help with your AssistiveTouch. Let's try a standard restart, here's how: https://t.co/OWRDHWSt4h",Wed Nov 01 03:22:21 +0000 2017
31463,31465,"Ok,I’ll give it a try",We look forward to getting an update from you in the near future.,Wed Nov 01 15:30:01 +0000 2017
31466,31467,"Update to latest version,did the restart thing but still no vibrate at all when notifications coming",Let's look into this some more. Send us a DM and let us know anything else you have tried as well as the country you're in. https://t.co/GDrqU22YpT,Thu Nov 02 14:42:00 +0000 2017
31464,matched_prev,"Hi my iPhone vibration not working after update iOS 11.0.3,mine is iPhone 6S",iOS 11.1 has just been released. Let's try updating to that and we'll see how things are. Here's how: https://t.co/80YRnjDFDk,Wed Nov 01 03:21:41 +0000 2017
31470,matched_prev,"28 min Benutzung, 42 min Standby: 10% Akku verbraucht. Mit iOS 11.1 hat sich nichts getan, eher noch schlimmer geworden",We offer support via Twitter in English. Contact us for help in your preferred language here: https://t.co/IBIY3vMgPj,Wed Nov 01 03:38:04 +0000 2017
31476,matched_prev,HELP how can I fix this problem immediately ? #Apple #iOS11,We've gotten your DM and will continue working with you there.,Wed Nov 01 03:25:47 +0000 2017
31482,matched_prev,Help!! I need to update the payment method for my iPhone X pre-order. It won’t let me do it online,We're happy to help you with that. DM us the country you are located in so we can better assist you:,Wed Nov 01 03:13:57 +0000 2017
31484,31486,But this does not solve the battery. When will they provide an update that resolves battery consumption?,"If you are still experiencing issues with battery life, send us a DM. Let us know if there are any app updates available. https://t.co/GDrqU22YpT",Wed Nov 01 15:33:08 +0000 2017
31485,matched_prev,Hey and does this improve iOS11's excessive battery consumption? #iOS11 #ios #apple #battery https://t.co/EkBBoM6K2u,Update improvements can resolve lots of issues. Learn more about iOS 11.1 here for specifics: https://t.co/iwrxY4BcIv,Wed Nov 01 03:14:52 +0000 2017
31490,31492,I’m turning it off from the control center I believe,OK! Take a look here for the way Wi-Fi functions in the Control Center of iOS 11: https://t.co/G7BHuQnDS6,Wed Nov 01 15:45:00 +0000 2017
31860,matched_prev,hey this is the 2nd time I've seen a random $15 charge to my account from itunes on my card and I haven't gotten anything,We'd want to get you in touch with our iTunes Store support here: https://t.co/SDIe7UiyJN,Wed Nov 01 05:03:13 +0000 2017
31862,matched_prev,"Why can't I log into my icloud on my Iphone 7 plus? My phone updated, logged me out of everything and won't take new pw.",We'd like to help. Are you able to log into https://t.co/9bUADNIlYp successfully? Let us know in DM. https://t.co/GDrqU22YpT,Wed Nov 01 03:42:12 +0000 2017
31869,matched_prev,Battery draining in recent updates of iOS 11.1 on my iPhone 6s. Why please fix it as soon as possible,"We've received your DM, and we'll continue working with you there. https://t.co/GDrqU22YpT",Wed Nov 01 04:30:01 +0000 2017
31871,matched_prev,please do something about iOS 11's battery drain issue. I literally have my iPhone 6 plugged in and it's still losing power.,We're here to help. Let's take this to DM so we can better assist you. https://t.co/GDrqU22YpT,Wed Nov 01 04:22:58 +0000 2017
31873,matched_prev,My iPhone just signed itself out of iCloud and I lost all of my synced contacts when I tried to sign back in.,Are these contacts on the iCloud website? Check here from a computer and let us know: https://t.co/tmRhWEkIq4,Wed Nov 01 04:31:10 +0000 2017
31875,matched_prev,This is self explanatory screen shot of one of example of hanging https://t.co/mrQdCzjqXh,Let's see if updating the iPhone to iOS 11.1 helps. DM us if it doesn't. https://t.co/80YRnjDFDk https://t.co/GDrqU22YpT,Wed Nov 01 04:59:55 +0000 2017
31883,31885,Both downloading updates and new apps. No messages shown when I’m downloading.,Excellent information. Please send us a DM telling us which iPhone you have and the iOS version it's currently running. https://t.co/GDrqU22YpT,Wed Nov 01 15:44:00 +0000 2017
31884,matched_prev,I can’t download apps from the app store.,Let’s work together to get your apps downloading again. Are you downloading updates or new apps? Any messages when downloading?,Wed Nov 01 04:52:09 +0000 2017
31889,31891,It didn’t work.,Thanks for giving that a try! Go ahead and reach out to us in DM so we can continue troubleshooting together to resolve. https://t.co/GDrqU22YpT,Wed Nov 01 14:21:00 +0000 2017
31895,matched_prev,somebody trying to get into my account,Thanks for reaching out. We want to help. Tell us more about what's happening in DM. https://t.co/GDrqU22YpT,Wed Nov 01 04:47:19 +0000 2017
31899,matched_prev,"After the last update, I cannot hear my phone calls. What is happening?",Send us a DM and let us know what version of iOS you're currently running. We'll go from there. https://t.co/GDrqU22YpT,Wed Nov 01 04:07:42 +0000 2017
31901,matched_prev,Nope. what is going on?,"We'll be happy to look into this with you. To get started, let us know which iOS version you have installed.",Wed Nov 01 04:13:40 +0000 2017
31904,31906,"I updated to 11.1, and so far it works flawlessly! Thanks for the new update!",You're welcome.,Thu Nov 02 23:43:26 +0000 2017
31908,matched_prev,Yes. It became unstable :(,We understand your concern. Let's work together to solve these issues. Does this Wi-Fi issue happen on all networks?,Wed Nov 01 04:26:58 +0000 2017
31911,matched_prev,"After updating to 10.13.1 to fix freeze issues of High Sierra, I went to a complete black screen. Test product before release",We want to help. Are you still seeing a blank black screen on your Mac? Send us a DM. https://t.co/GDrqU22YpT,Wed Nov 01 04:08:07 +0000 2017
31920,31922,That’s dumb as hell. Why isn’t there an X to close them out all the time? And not have to wait until an X to appear? Bring the X back!,We can help get you to the right place to make your suggestion. Provide your feedback here: https://t.co/eTPVYVFyd8,Wed Nov 01 15:42:57 +0000 2017
31921,matched_prev,Is it just me or does the X to close out your notifications only show up sometimes? Does anyone know how to fix that? https://t.co/qtY6wnrl19,This is the expected behavior for notifications. Take a look at this: https://t.co/2txgOv5s2M,Wed Nov 01 04:09:27 +0000 2017
31925,31927,Noted. Thank you!,"No problem, we’re happy to help! Let us know if we can assist with anything in the future. Have a great day!",Wed Nov 01 15:31:54 +0000 2017
31926,matched_prev,"received this email which i believe happened to be a scammer, sender’s email is suspicious tho. Could u pls clarify this up? https://t.co/Lle0QVQaUP",This is not a legitimate email from Apple. This article explains how to identify and report the email: https://t.co/LNMCdqt6fD,Wed Nov 01 04:16:10 +0000 2017
31931,matched_prev,Can I pay for  Care + online with an Apple Store gift card or do I have go into the store?,We'll get you pointed in the right direction. Please DM us so we can go over all options. https://t.co/GDrqU22YpT,Wed Nov 01 04:08:22 +0000 2017
31935,matched_prev,"So at midnight my phone just went blank, spun the wheel,and asked me to enter my passcode ...wtf since os 11 this randomly :(",Let's take a look at this further for you. Reach out to us in DM with more information. https://t.co/GDrqU22YpT,Wed Nov 01 04:03:16 +0000 2017
31937,matched_prev,whenever I type the letter “i” it auto corrects to a “a ?” What is going on!????,Let us help you get this sorted out. Join us in DM so we can better assist you: https://t.co/GDrqU22YpT,Wed Nov 01 04:09:56 +0000 2017
31944,31946,7 plus latest iOS,"We'd like you to reset your Keyboard Dictionary from Settings > General > Reset. Next, restart your iPhone. Any changes?",Wed Nov 01 15:41:46 +0000 2017
31947,31949,Wait no never mind I still can’t type “I”,We'd be happy to look into this with you further. DM us using the link below and we'll go from there. https://t.co/GDrqU2kzhr,Wed Nov 01 16:22:06 +0000 2017
31951,matched_prev,thoughts https://t.co/W0JxkSxOU8,"Let's team up on this. Send us a DM with the iOS version your iPhone is running, and we'll meet you there. https://t.co/GDrqU22YpT",Wed Nov 01 04:07:51 +0000 2017
31954,matched_prev,"everytime I go into social media I cannot DM anyone photos, not on twitter or Facebook. I have over 7k photos here it’s says 0 https://t.co/x2U9OUvota","We have received your DM and thank you for the time required to share this information with us, we will respond in DM shortly.",Wed Nov 01 04:02:51 +0000 2017
31956,matched_prev,That fixed it,Great. Let us know if you have any further questions or concerns. We're happy to help.,Wed Nov 01 04:03:30 +0000 2017
31958,matched_prev,iPad 11.0.3 iPhone 11.0.3 and yes I have tried unpairing and issue still persisted,We'd recommend creating a backup of the data on both devices and updating to iOS 11.1. Please let us know if this helps.,Tue Oct 31 17:32:09 +0000 2017
31960,matched_prev,iPad and iPhone,"Alright, can you tell us what iOS version you're currently on? Also, have you tried unpairing and pairing your AirPods again?",Tue Oct 31 17:11:48 +0000 2017
31962,matched_prev,AirPods are connected but don’t play audio anymore any troubleshooting tips?,"We can certainly take a look! To begin, does this occur with all devices or just one?",Tue Oct 31 16:57:08 +0000 2017
31420,matched_prev,I’ve had the same problem all day.,"Let's look into this together. Which device are you experiencing this on, and which software version is it running?",Wed Nov 01 04:04:38 +0000 2017
9212,matched_prev,Fix our iOS 11.03 battery issue. I’m on a 7 plus.,Send us a DM and let us know how long your battery is lasting. We'll help. https://t.co/GDrqU22YpT,Wed Nov 01 06:04:41 +0000 2017
32359,32361,I meant auto renewing purchases per week or month like the FemaleFitness app for example,Got it. This article should do the trick for that: https://t.co/YKDbvueXrq,Wed Nov 01 15:39:00 +0000 2017
32360,matched_prev,how can I unsubscribe to an auto renewing app in my iPhone?,This resource should do the trick. Check out the steps under 'Turn on Automatic Downloads': https://t.co/2oRvemLiMD,Wed Nov 01 06:01:43 +0000 2017
32363,32365,It’s glitching when I try to erase pictures or go onto new apps,Let's see what we can do. Send us a DM and let us know what you mean by glitching. https://t.co/GDrqU22YpT,Thu Nov 02 13:10:52 +0000 2017
32369,matched_prev,fix your shit. See this I get to it girl it’s a glitch,We can definitely look into this with you. Which device are you using? DM us and let us know. https://t.co/GDrqU22YpT,Wed Nov 01 06:18:21 +0000 2017
32371,32372,Thanks! I have iOS 11.1 but i dont see the new emojis 😫,Thanks for following up. Send us a DM so we can look into this with you there. https://t.co/GDrqU22YpT,Wed Nov 01 14:07:31 +0000 2017
9214,matched_prev,I have the iPhone 7 Plus but i can’t do that 😢,"Thanks for reaching out. We are always happy to help. Are you running iOS 11.1? If not, learn how here: https://t.co/80YRnjDFDk",Wed Nov 01 06:17:12 +0000 2017
32379,matched_prev,"Hey , not sure you tested EVERYTHING when implementing the ability to switch #iCloud account emails! https://t.co/GebmTtpdCc","This is expected behavior. https://t.co/tmRhWEkIq4 emails cannot be changed, but you could use an alias: https://t.co/tewQI88gby",Wed Nov 01 06:08:42 +0000 2017
32382,32384,Yes. I’m sure sleep wake failure is the cause of this..!,"We’d love to help further. To start, please send us a DM letting us know which Mac you’re using. https://t.co/GDrqU22YpT",Wed Nov 01 15:42:26 +0000 2017
32383,matched_prev,Hey this is what happened after 10.13.1 please advise.!! https://t.co/ak14ZArtkf,We want your Mac to work as expected. Does this message come back up if you click the Restart button?,Wed Nov 01 06:21:40 +0000 2017
32386,32388,I just noticed I need to update to 11.1 so I’ll do that and make sure to contact y’all if it does it again!,"OK, sounds good. We'll be here for you if you need anything further.",Wed Nov 01 13:45:45 +0000 2017
32398,matched_prev,"I’m late to the complaining party, but y’all I keep having to restart my phone just to make a call 🙄",Thanks for reaching out; we'd like to help. When did you first encounter this issue?,Wed Nov 01 06:15:59 +0000 2017
32400,32402,Yes. I read and did that. I get a message that says I cannot change my Apple ID to an email ending in . Which is contrary to the document,We'd like to take a closer look at this with you. Send us a DM and we'll meet up with you there. https://t.co/GDrqU22YpT,Wed Nov 01 16:13:41 +0000 2017
32401,matched_prev,Hey I heard I can change my Apple ID to my email but when I try it says nope. What gives? Spent an hour signing out & in.,We'd be happy to provide you with some info. Start by taking a look at the following article: https://t.co/xuZEqdPMFW,Wed Nov 01 04:39:10 +0000 2017
32405,matched_prev,Can y’all fix the I character please?! Im tired of seeing this I,We'd like to work on this with you. Which device are you using and which iOS are you on? Check here: Settings > General > About.,Wed Nov 01 05:02:11 +0000 2017
32408,matched_prev,Hey what is this? https://t.co/w5U5vm212P,"Let's work together to figure it out. To start, which exact iOS version do you have installed?",Wed Nov 01 05:47:01 +0000 2017
32412,matched_prev,"pls let folks downgrade to ios 10.3.3, been an apple fanboy but iOS 11 is the worst i cant put up with this glitchy OS anymore",We'd like to look into the issues you're having. DM us your country and we'll go from there. https://t.co/GDrqU22YpT,Wed Nov 01 05:54:36 +0000 2017
32414,matched_prev,I keep getting a question mark inside a box?? I updated my phone and it’s still doing it. 🤦🏽‍♀️,We want to help with this. Reach out to us in DM with more information. https://t.co/GDrqU22YpT,Wed Nov 01 05:35:12 +0000 2017
32416,matched_prev,iOS 11 is so slow on my iPhone 5S. For example the camera app takes 5-10 seconds before it can take a photo. What gives?🤦‍♂️,We'd love to look into this. Could you Direct Message us and let us know what iOS version you're on? https://t.co/GDrqU22YpT,Wed Nov 01 05:40:22 +0000 2017
32421,32423,After it says verifying it restarts automatically,"Understood! Let's try all the steps listed here: https://t.co/Ui1yTnOCUz Let us know the results once completed,",Wed Nov 01 14:24:00 +0000 2017
32422,matched_prev,"hey I'm facing problem updating my Iphone to iOS 11 whenever I wanna update it, a message pop up says verifying",We can help! What happens after it says verifying. Is that when it restarts or are you restarting it manually?,Wed Nov 01 06:01:03 +0000 2017
32426,matched_prev,why does my iPhone keep changing my i’s to I I I ??? 🤬🤬🤬,We can help out. Could you Direct Message us and let us know what iOS version you're on? https://t.co/GDrqU22YpT,Wed Nov 01 06:04:33 +0000 2017
32430,matched_prev,what’s going on with this issue???,Tell us more about what's happening. Please send us a DM with additional details. https://t.co/GDrqU22YpT,Wed Nov 01 04:53:50 +0000 2017
32433,matched_prev,My iPhone screen glass is completely cracked. Still the touch screen works. Can I change the glass alone or the display too?,We're glad to look into all options with you to have your iPhone serviced. Please DM us to proceed. https://t.co/GDrqU22YpT,Wed Nov 01 05:02:15 +0000 2017
32436,matched_prev,ios11 made my 7plus so laggy & it freezes on apps 24/7. Please fix this,"We can help with that and want your iPhone working as expected. To clarify, which version of iOS 11 do you have installed?",Wed Nov 01 05:17:50 +0000 2017
32442,matched_prev,"It looks like spam, but it bypassed my spam filter. cc: https://t.co/BORlKFTmWz","Sure is phishing. Learn more about phishing and suspicious emails, as well as how to report them here: https://t.co/LNMCdqt6fD",Wed Nov 01 05:08:34 +0000 2017
33315,33317,Battery dies fast as hell now. Phone always is freezing up and I end up having to wait like 15 minutes for it to get unfreeze,Got it. Which iPhone and iOS version are you using under Settings > General > About?,Wed Nov 01 13:43:25 +0000 2017
33318,33319,7 Plus and 11.0.3,Install our newest iOS 11.1 update to help: https://t.co/80YRnjDFDk Let us know if this helps improve these issues.,Wed Nov 01 13:53:00 +0000 2017
33316,matched_prev,Why did my phone turn to shit after all these recent updates? 🤔,"We want your iPhone running great, too. What obstacles are you facing that we can help with today?",Wed Nov 01 08:03:03 +0000 2017
13956,matched_prev,"Eu tbm, ja redefini varias vezes a senha e nada, mas ai o suporte me mandou um link e eu marquei hj para alguém da apple me ligar e ajudar.","Since our Twitter support is available in English, get help at https://t.co/IBIY3vMgPj or join https://t.co/pvaOFfPbjt",Wed Nov 01 08:17:59 +0000 2017
9275,matched_prev,I updated to iOS 11.1 and the phone get really warm and the battery dropped by 10% in 10 minuets when I watched videos in YouTube. iPhone 7+,That should not be happening. Let us help. Tell us more about this in DM. https://t.co/GDrqU22YpT,Wed Nov 01 07:53:37 +0000 2017
33338,matched_prev,the weird symbol thing when I type happens to me,You've come to the right place for help. What type of device are you using? Let us know via DM. https://t.co/GDrqU22YpT,Wed Nov 01 07:25:32 +0000 2017
33340,33342,The newer version and the 7 plus,"Thank you. Are all of your apps up to date? Send us a DM, and we'll go from there. https://t.co/GDrqU22YpT",Wed Nov 01 17:07:32 +0000 2017
33351,matched_prev,Why am I loosing songs I’ve downloaded on Apple Music. It won’t let me download them again either. Greyed our on playlists too,Thanks for getting in touch. We'd like to assist. DM us and we'll go from there. https://t.co/GDrqU22YpT,Wed Nov 01 06:49:46 +0000 2017
33353,matched_prev,#iOS11.1 is taking iPhones into consistent boot loops !! It remains for a couple of hours boot looping over and over then it gets back on again. This happened since the betas. I thought it's a bug but even now with the official 11.1 it happened. https://t.co/Q5vk9E0I0W,Let's get this resolved. Are you still experiencing this issue? Reply in DM to get started. https://t.co/GDrqU22YpT,Wed Nov 01 07:50:28 +0000 2017
33355,matched_prev,"(Saurabh at Singapore, kindly get in touch with your team to brief what you said, they are coming up with new stories #macbook",We'd like to hear more about this complaint. DM us with more details at the link below please. https://t.co/GDrqU22YpT,Wed Nov 01 07:00:47 +0000 2017
33357,matched_prev,Congrats. IOS 11.1 is making my iPhone 6 even more glitchy and prone to freezing than it was before. #WTF,We'd like to look into this with you. Please click here to connect with us in DM. We'll continue there. https://t.co/GDrqU22YpT,Wed Nov 01 06:34:50 +0000 2017
33371,33373,The latest one.,We want to look into this further with you. Can you send us a DM and let us know the device model you're using? https://t.co/GDrqU22YpT,Wed Nov 01 15:39:33 +0000 2017
33372,matched_prev,Please fix your Siri on iOS 11 cuts out mid sentence it’s very annoying and it eats the battery like there’s no tomorrow!!!!,We're happy to assist. Which iOS 11 version are you currently running? Go to Settings > General > About for the version.,Wed Nov 01 06:15:59 +0000 2017
33376,33378,My watch seemed to auto dial the sos line whilst I was cycling this morning.,Check out the following article for more info on SOS dialing with the side button of your watch: https://t.co/d6QamJ5JyS,Wed Nov 01 15:39:32 +0000 2017
33386,33388,My phone is experiencing the same thing and I have the 7 with the latest update...,We'd like to look into this with you. DM us and we'll go from there. https://t.co/GDrqU22YpT,Wed Nov 01 15:48:27 +0000 2017
33383,33387,iphone 8 plus. the latest update. this has been happening on several other phones i️ use. i️ believe this is a software issue,"Thanks for that information. DM us the exact iOS version your iPhone is running, and we'll continue from there. https://t.co/GDrqU22YpT",Wed Nov 01 15:47:37 +0000 2017
33384,matched_prev,"- what is up with the letter “eye” button ?! for like a 4 days now, the letter “eye” has been turning into this i️ 😐","We'd like to look into this. To start, which device are you experiencing this on, and which software version is it running?",Wed Nov 01 06:56:55 +0000 2017
33402,33404,iPhone 6s iOS 11,"We’d love to help further. To start, please send us a DM. https://t.co/GDrqU22YpT",Wed Nov 01 17:42:00 +0000 2017
33408,33409,I hate it !! The entire format changed! When I receive a call I have to say hello 2x no one hears me the first time battery dies quick 😡,We want to help! Please join us in DM to get started troubleshooting. https://t.co/GDrqU22YpT,Wed Nov 01 17:20:00 +0000 2017
33416,matched_prev,is there some problem in latest iOS upgrade. Many applications are getting disconnected if phine is locked #whtsapp,Send us a DM and let us know what version of iOS you're running. We'll go from there. https://t.co/GDrqU22YpT,Wed Nov 01 06:42:06 +0000 2017
34464,matched_prev,Please I just paused my music to come on to twitter to tell you (still didn’t close the music app). And it forgot my place I only had it paused for about 10 min max... and when I pushed the play button on my headphones it started playing a completely random song.,"If you're running into issues with Apple Music playback, we'd like to help you out. Please tell us what type of device you use. Also, please let us know what version of the iOS / macOS software you currently have installed. https://t.co/GDrqU22YpT",Wed Nov 22 18:12:28 +0000 2017
34581,34582,"Basically for a chat to be opened from call log, the message app should be opened/running in background. Otherwise, it takes twice.",We'd like to take a closer look at what's happening. Send us a DM and we'll meet up with you there. https://t.co/GDrqU22YpT,Wed Nov 01 14:08:33 +0000 2017
34580,matched_prev,So one has to go back to call log. Click that message icon again and then a chat for that particular number opens up.,Thanks for bringing this to our attention. Can you tell us which iOS version this is occurring on please?,Wed Nov 01 09:04:33 +0000 2017
34589,matched_prev,"After iPhone update, my battery dies quicker than it charges when using my sleep/alarm app. On 1% when my alarm woke me 😮😡",Send us a DM and let us know what version of iOS 11 you're running. We'll go from there. https://t.co/GDrqU22YpT,Wed Nov 01 08:52:54 +0000 2017
34592,34594,"I managed to get LTE last night, spent some time until the connection was fast. Thought the issue solved by itself, but it happened again.",Got it. Let's go ahead and meet in DM and we'll continue this from there. https://t.co/GDrqU22YpT,Thu Nov 02 13:11:56 +0000 2017
34601,34602,"I don’t think so—it did work this morning, has been deactivated for whatever reason, and now it won’t activate… 🤔",Thank you for providing us with that information. Let's look further into this issue. Please DM us the device you are using. https://t.co/GDrqU22YpT,Wed Nov 01 14:14:30 +0000 2017
34600,34603,Nachrichten werden bei mir auch nicht mehr zugestellt,We offer support via Twitter in English. Contact us for help in your preferred language here: https://t.co/IBIY3vMgPj,Wed Nov 01 17:58:01 +0000 2017
34604,34605,How can i solve this problem? https://t.co/GGrwhAf4yr,Let's have a look at this. Please DM us here: https://t.co/GDrqU22YpT,Wed Nov 01 19:39:00 +0000 2017
34598,matched_prev,iMessage-Aktivierung schlägt mal wieder fehl…,We offer support via Twitter in English. Contact us for help in your preferred language here: https://t.co/IBIY3vMgPj,Wed Nov 01 09:59:00 +0000 2017
34608,matched_prev,Is there any possibility to combine two Apple-IDs?,Let's look into your options together. Let us know in DM a bit more about what you're wanting to do. https://t.co/GDrqU22YpT,Wed Nov 01 08:49:41 +0000 2017
34610,matched_prev,"Oh great, iMessage not working after the latest iOS update. 😐",Thanks for reaching out. DM the specific issue you are seeing with Messages to get started. https://t.co/GDrqU22YpT,Wed Nov 01 09:03:43 +0000 2017
34614,matched_prev,Hi ! #TimeMachine still not working with #HighSierra update,Let's work together in DM to investigate what's going on with your Time Machine. https://t.co/GDrqU22YpT,Wed Nov 01 09:21:21 +0000 2017
34616,matched_prev,his new ios 11.0 I have to restart my phone at least four times a day because it is blocked by everything,We want to help get your iPhone working properly. Which exact iOS version and iPhone are you using?,Wed Nov 01 08:33:36 +0000 2017
34618,matched_prev,Hmm… doubt Ill be able to close the Move ring 25770 times in november. https://t.co/Fj0ghd2UnW,We'd like to know more about what you're seeing. DM us with what type of Apple Watch you're using. https://t.co/GDrqU22YpT,Wed Nov 01 09:13:07 +0000 2017
34620,matched_prev,"When searching fot ""GOT"" Apple TV app shows Cmore but not Nordic, even tho I only have HBO installed.",Let's get you in touch with our Apple TV experts so they can assist further. Reach out here: https://t.co/IBIY3vMgPj,Wed Nov 01 09:27:07 +0000 2017
34622,matched_prev,After iOS11 the battery is draining very fast. Request you to look into it.,We'd like to help. Could you Direct Message us and tell us what iOS version you're on currently? https://t.co/GDrqU22YpT,Wed Nov 01 09:22:24 +0000 2017
34624,matched_prev,"Is there a way to merge two AppleID’s, so I can use all bought items in one ID and delete the other?",Great question! Our account security team is best suited to help you. You can reach them directly here: https://t.co/UJm15vmMM2,Wed Nov 01 08:53:39 +0000 2017
34626,34628,Thanks for your response it’s happened a few times now since the new iOS update - I have now unplugged,"If this issue reappears, we'd like you to notice how you're charging and if the behavior changes if you switch cables.",Wed Nov 01 13:47:29 +0000 2017
34630,34631,Will do thanks 👍,You're welcome. Have a great rest of your day.,Wed Nov 01 13:53:00 +0000 2017
34627,matched_prev,charging my phone but it’s reducing the battery charge?? Help?!! https://t.co/Ssnoh9ayXN,We'd like to help you with this. Are you using the charging cable that came with your iPhone? Have you tried another cable?,Wed Nov 01 09:04:16 +0000 2017
34633,matched_prev,This will stay at this time throughout the whole song so I have no idea how long is left https://t.co/GO0UL7STCz,We'd be happy to look into this with you. Please reach out to us via DM and we'll get started. https://t.co/GDrqU22YpT,Wed Nov 01 08:43:42 +0000 2017
34637,matched_prev,is there a way I can uninstall iOS 11 and go back to 10?,Keeping your software up to date is one of the most important things you can do to maintain your Apple product's security.,Fri Oct 27 22:33:31 +0000 2017
34640,matched_prev,Now my rear camera is not working… and my phone needs to cool down apparently even tho it feels kool to me… 😠,Hi. We're here for you. DM us and tell us the exact version of iOS you're running. We'll go from there. https://t.co/GDrqU22YpT,Wed Nov 01 09:19:22 +0000 2017
34645,34647,It's 10.3.3. Although I'm convinced it's a screen issue rather than a software one.,Send us a DM and let us know your country. We'll take a closer look together. https://t.co/GDrqU22YpT,Wed Nov 01 13:41:01 +0000 2017
34646,matched_prev,My 6 month old IPhone 6 touch screen is unresponsive. please help!,We're happy to help. What version of iOS are you currently running? Find that in Settings > General > About.,Wed Nov 01 08:13:43 +0000 2017
34649,34651,The latest update from yesterday,DM us using the link below. We'll look into things from there. https://t.co/GDrqU22YpT,Wed Nov 01 17:55:55 +0000 2017
34650,matched_prev,why on my Apple Watch series 3 when I start the activity tracker on stair stepper it shows 0 total and active calories?,Happy to help you with this. Can you tell us which iOS and watchOS version you are currently using please?,Wed Nov 01 08:07:02 +0000 2017
34653,matched_prev,Alguém sentiu um consumo maior com o novo IOS ou a está de sacanagem comigo???,"Since our Twitter support is available in English, get help at https://t.co/IBIY3vMgPj or join https://t.co/pvaOFfPbjt",Wed Nov 01 09:05:54 +0000 2017
34655,34657,Thanks for getting back to me. 38mm Watch S2 and iPhone SE both have the latest updates.,"Got it. Send us a DM with the country you're currently located in, and we'll continue from there. https://t.co/GDrqU22YpT",Wed Nov 01 13:52:36 +0000 2017
34659,34660,I am using Iphone 7 and iOS 11.1,"DM us your country, and we'll continue working there. https://t.co/GDrqU22YpT",Thu Nov 02 00:06:28 +0000 2017
9217,matched_prev,"I thought this update would fix the problem with appstore/itunes payments. I cant open some apps , i cant update any and i cant download any",We'd be happy to look into what's going on. Which device and iOS version are you using?,Wed Nov 01 07:09:14 +0000 2017
34662,matched_prev,"Thanks , for following up on the camera issue. It is highly appreciated. Hope you will continue to support in the same way.",Our pleasure! Let us know if you have further questions & we'll be glad to help.,Wed Nov 01 08:53:42 +0000 2017
34664,matched_prev,Hi Apple Support. Have updated to the latest iOS but no luck with battery :(,DM the country or region where you are currently located to continue. https://t.co/GDrqU22YpT,Wed Nov 01 08:11:57 +0000 2017
34666,matched_prev,Thank you! I’m on 11.0.1,"You're very welcome. The first step to resolving this issue, would be to update the iOS 11.1. https://t.co/80YRnjDFDk",Tue Oct 31 18:26:23 +0000 2017
34670,matched_prev,my iphones battery drains quickly. any tips. it might just be old though,We'd be happy to help with some battery tips. Let's start with the maximizing tips found here: https://t.co/TpjqFp3jxD,Wed Nov 01 08:07:29 +0000 2017
34678,matched_prev,after update to 10.13.1 Lacie is down again after a night of extreme and unprovoced disk access resulting in overheating! 2/2,"When you have a moment, please send us over a DM. We're happy to work together with you on this. https://t.co/GDrqU22YpT",Wed Nov 01 06:56:29 +0000 2017
34680,34682,How can I connect an external microphone to diphone 6S to optimize the sound with video?,We'll be happy to provide you with some information on this. Reach out to us via DM and we'll continue with you there. https://t.co/GDrqU22YpT,Sat Nov 11 16:44:25 +0000 2017
34681,matched_prev,Hoe kan ik de externe microfooningang van mijn iPhone 6S blijven gebruiken voor een professionele microfoon?,We offer support via Twitter in English. Contact us for help in your preferred language here: https://t.co/IBIY3vMgPj,Wed Nov 01 08:44:30 +0000 2017
34684,34686,"Iphone 6S, IOS 11.0.3",Can you tell us a bit more about what's going on with your TouchID?,Wed Nov 01 13:41:58 +0000 2017
34687,34688,"Won’t unlock, when I try re-add my finger I get this. Have to manually unlock https://t.co/6CnhnZWyi7","DM us your country, and we'll continue working there. https://t.co/GDrqU22YpT",Wed Nov 01 14:00:07 +0000 2017
34685,matched_prev,Top 5 things I regret doing in MY LiFE is updating my IOS. Now my Touch ID doesn’t work! Tf,"We want to look into what's going on with your TouchID. To start, which device and iOS version are you using?",Wed Nov 01 07:40:39 +0000 2017
34690,matched_prev,"bitch!! Stop changing the letter “I” to that dumb ass shit. I’m sick of it, hoe!!","We'll make sure to get this straightened out. DM us, and we'll see you there. https://t.co/GDrqU22YpT",Wed Nov 01 08:04:12 +0000 2017
9221,matched_prev,When will fix the problem with activation (error 0xE8000013)? Or your phones are now disposable?,Let's explore this in more details. Which device is exact iOS version are you using? When are you receiving this error?,Wed Nov 01 08:23:38 +0000 2017
34696,34698,Thanks a lot,"You are welcome. If you have any questions in the future, please reach back out to us.",Wed Nov 01 13:40:00 +0000 2017
34697,matched_prev,are you able to turn off the automatic brightness on this iOS update?,You most certainly can. Check out this helpful article about how to turn off auto-brightness:https://t.co/bkqEVCrK2l,Wed Nov 01 06:28:45 +0000 2017
34700,matched_prev,"iPhone 7 Plus camera doesn't focus anymore when in Photo, Square mode since upgrading to iOS 11.",We can help with this. Are you on the latest iOS 11.1? DM us your reply to continue https://t.co/GDrqU22YpT,Wed Nov 01 08:08:10 +0000 2017
34707,34709,there is one from a little while back that would have most of the notes data,Restoring a backup with that data would be the only way to recover that data. You can see how here: https://t.co/OZqPAHfBRU,Wed Nov 01 23:14:50 +0000 2017
34708,matched_prev,"my iPhone 6 has deleted all my notes. Not using email, not using cloud. Didn't delete them. How do I get them back?",We'd be happy to look into what's going on. Do you know if you have a recent backup from before those Notes went missing?,Wed Nov 01 08:01:47 +0000 2017
35211,matched_prev,"why is the new update savaging my battery please, 100% to 1% in the space of an hour, get ya shit together",That should not be happening. Let us help. DM us more details about this. https://t.co/GDrqU22YpT,Wed Nov 01 13:30:49 +0000 2017
35213,matched_prev,Hola/Hello! I can use the AirPods witch Bluetooth audio transmisor? Any model? This no... https://t.co/ULMExUlaoX,You'll find more info on compatibilty with your AIrPods at the following link: https://t.co/Kd8IAdG7nA,Wed Nov 01 10:08:24 +0000 2017
35215,matched_prev,Installed ios11.1 and now my phone doesn’t recognize capital I’s,"We're more than happy to take a look. DM us with more details, and we'll pick back up there. https://t.co/GDrqU22YpT",Wed Nov 01 13:22:33 +0000 2017
35217,35219,7 Plus and most recent,Thank you. Please send us a DM and tell us the specific version number you see under Settings > General > About > Version. https://t.co/GDrqU22YpT,Wed Nov 01 13:51:32 +0000 2017
35218,matched_prev,Is my iPhone the only one doing this ? https://t.co/vbjmrw7IaE,We'd like to look into this with you. Can you tell us which device and OS version you're using?,Wed Nov 01 13:38:20 +0000 2017
35230,35232,I phone 6s and iOS 11,Which iOS 11 version are you running? You can check by going to Settings > General > About > Version.,Wed Nov 01 13:58:32 +0000 2017
35231,matched_prev,So I have to shut my phone down then turn it back on to get it back and it just keeps happening,"So we have a good starting place, can you tell us which device and OS version you're using?",Wed Nov 01 13:37:22 +0000 2017
35235,matched_prev,can you help me yo you literally replying to everyone else except me 👋🏼 https://t.co/AG3KoDLJ7e,We'd be happy to see how we can help. What's going on?,Wed Nov 01 13:09:15 +0000 2017
35237,35239,"the thumbnail is re-fetched every time, and if you keep going from playlist#1 to playlist#2 to playlist#1 to playlist#2 it'll always refetch https://t.co/jB31IVu5pD",Thanks for following up. Send us a DM so we can talk about this with you there. https://t.co/GDrqU22YpT,Wed Nov 01 15:08:32 +0000 2017
35238,matched_prev,hey why does keep re-fetching the thumbnail when it obviously hasn't changed? #appleQA #ChiefQA #Apple https://t.co/Ipj2L9H8CJ,Thanks for reaching out to us. We are always happy to help. Is this the only playlist that this happens with?,Wed Nov 01 13:17:52 +0000 2017
35241,matched_prev,For those that have been wondering. why are y’all punishing us for using pronouns!? https://t.co/rwpj6LqUce,Thanks for reaching out. DM which iPhone and specific iOS version you are using to get started. https://t.co/GDrqU22YpT,Wed Nov 01 13:22:14 +0000 2017
35243,matched_prev,oh dear still not co-oping with iCloud in ios11.1 really really poor show. #garageband,"If you're still having troubles, be sure to follow up with our team that helps with GarageBand here:https://t.co/IBIY3vMgPj",Wed Nov 01 09:29:06 +0000 2017
35247,matched_prev,"guys, I miss Steve. What the hell is this? https://t.co/Tv5HmkrUrb","We're here to help. To start, what device model and software version are you currently using?",Wed Nov 01 10:13:13 +0000 2017
35253,matched_prev,My battery life is a drama for me I work and it turns to 100% yo 80% in five minutes (ios11.0.3) 😫😫😫 Help plz 😰,"There's an update to 11.1 now, let's go ahead and do that now: https://t.co/80YRnjDFDk",Wed Nov 01 09:34:20 +0000 2017
35255,matched_prev,"Yes, I able to :)",DM the country or region where you are currently located to continue. https://t.co/GDrqU22YpT,Wed Nov 01 13:19:22 +0000 2017
35257,matched_prev,"If I open Safari, for example, a message appears which says that there is no internet connection.",Are you able to connect when using Wi-Fi? Are you able to make and take calls?,Tue Oct 31 14:05:21 +0000 2017
35259,matched_prev,"Hi! Although I have full coverage, even with LTE, on my iPhone, I can’t connect to the internet. Can you help me?",We can help you. Could you tell us what happens when you try to connect to the Internet? Do you get an error message?,Tue Oct 31 11:49:26 +0000 2017
35261,35263,Thank you for letting me know.,No problem! Feel free to reach out to us here if you need help in the future.,Wed Nov 01 13:55:00 +0000 2017
35262,matched_prev,"I got refunded for an in app purchase on Monday & got a conformation email, but there’s no sign of it in my account yet...","Hey there! Depending on your bank, it can take 3-5 business days to reflect in your account. We hope this helps.",Wed Nov 01 13:16:52 +0000 2017
35265,matched_prev,why is my iphone not charging? i don’t got time for this shit dawg,"It's important for your iPhone to charge reliably. To start, check out these steps: https://t.co/uqxquyfdn0",Wed Nov 01 13:30:18 +0000 2017
35267,35269,How can I go back to the previous ios version? This one sucks for real... still keeps being stuck 😫🤢,Going back to a previous iOS version is not possible. What we can do is perform steps that can help us overcome these challenges. Rest assured we'll do our best to help. Send us a Direct Mesage to continue. https://t.co/GDrqU22YpT,Thu Nov 09 15:44:42 +0000 2017
35268,matched_prev,"iPhone 7 and I updated to the newest ios but the phone started crashing and the screen freezing, also powering off",We'd like to help out with this. Join us in DM so that we can gather more details about your device. https://t.co/GDrqU22YpT,Wed Nov 01 09:16:26 +0000 2017
35271,matched_prev,what the hell is wrong with ur new update?? My phone keeps getting stuck and powering off (unresponsive). Get ur shit together,We'd love to help. Which iPhone model are you using? DM the answer below. https://t.co/GDrqU22YpT,Tue Oct 31 21:12:27 +0000 2017
35273,35275,"iPhone 8, iOS 11",Thanks. Please take look under Settings > General > About and let us know the exact iOS version.,Wed Nov 01 15:12:00 +0000 2017
35274,matched_prev,WHY will my phone not stop locking itself when I’m in the middle of doing things???,We want to help get your iPhone working properly. Which exact iOS version and iPhone are you using?,Wed Nov 01 13:12:01 +0000 2017
35279,matched_prev,"Got burned and scarred with my magsafe charger and Apple didn't give a shit, so I'm switching to Microsoft. https://t.co/GivRMgiSWk",We want to look into this with you. Send us a DM letting us know more about what happened. https://t.co/GDrqU22YpT,Wed Nov 01 13:28:37 +0000 2017
35281,matched_prev,why is my alarm sound not working when on silent and volume on lock screen not working after the update??,We're here for you. Does this happen when Do Not Disturb is enabled? Do newly created alarms have the same issue?,Wed Nov 01 10:10:04 +0000 2017
35283,35285,"7 Plus, iOS 11.1","DM us your country, and we'll continue working there. https://t.co/GDrqU22YpT",Wed Nov 01 14:11:29 +0000 2017
35284,matched_prev,These question mark boxes are about to make me mad lol please help,We'd be happy to see how we can help. Which device and OS version are you experiencing this on?,Wed Nov 01 10:19:17 +0000 2017
35287,35290,Phone was 😴 Apple Watch ⌚️ 👌. I was wearing during workout this a.m. usually get all Twitter notifications,Thanks for clarifying this for us. Have you restarted both devices since you noticed this behavior?,Wed Nov 01 13:48:36 +0000 2017
35291,35292,I will. Have not😉,Sounds good! Do you have any app updates available? Let us know if it persists once you restart.,Wed Nov 01 13:55:30 +0000 2017
35293,35294,All apps up to date. Not getting notifications on ⌚️ after shutting down both. Maybe Twitter’s app needs to catch up to ⌚️,"OK, we can definitely look into this further with you. Go ahead and send us a DM and we'll take it from there. https://t.co/GDrqU22YpT",Wed Nov 01 14:03:32 +0000 2017
35289,matched_prev,did update on 📱 n ⌚️ result? No more Twitter notifications😱 Yup mirrors my 📱 #itsalwayssomething,We want to be sure you receive notifications as you'd expect. Let us know if this helps: https://t.co/vXqj8bZGU7,Wed Nov 01 13:08:55 +0000 2017
35297,35299,"Thanks for the prompt reply. Scary error, seemingly unrelated to the actual issue: I think a bit of Disk Utility love will get me there.",OK. Feel free to send us a DM if you still have questions.,Wed Nov 01 14:06:58 +0000 2017
35302,matched_prev,new iOS 11.1 bug? https://t.co/EPcqhcyxPd,We'll be happy to look into this. DM us which iPhone you're using and we'll go from there. https://t.co/GDrqU22YpT,Wed Nov 01 12:49:10 +0000 2017
35306,matched_prev,"Sorry, I don’t know what is DM? Can u please help me out.",DM is a Direct Message. Click the link here: https://t.co/GDrqU22YpT,Wed Nov 01 13:16:08 +0000 2017
35314,matched_prev,"why does the podcast app freeze up and not work, constantly?",Thanks for reaching out. DM which iPhone and specific iOS version you are using to get started. https://t.co/GDrqU22YpT,Wed Nov 01 10:18:45 +0000 2017
35316,35318,please check your DMs,We've received your DM and will reply to you there shortly. https://t.co/GDrqU22YpT,Wed Nov 01 13:53:26 +0000 2017
35317,matched_prev,hi - there’s a bug with my iPhone 7 Plus! SOS - send help. 🆘📱🤕,We're here for you. Tell us what's happening with your iPhone 7 Plus.,Wed Nov 01 13:16:13 +0000 2017
35320,matched_prev,after updating to iOS 11.0.3 my home screen turns black when on a call. What’s the fix? Cust care not helping.,We're here for you. Let's take a closer look at this issue together in DM. https://t.co/GDrqU22YpT,Wed Nov 01 10:11:08 +0000 2017
35322,35324,just done that 👍,"Perfect, thanks. Be sure to reach out if you need us again. Take care.",Wed Nov 01 17:06:30 +0000 2017
35323,matched_prev,suspect fraud for you to look into #fraud #crime #dontfallforit https://t.co/hbQ7PGl3bV,We can help. This looks like a phishing attempt. See how to handle and report these here: https://t.co/6Ye6EtSytB,Wed Nov 01 09:18:32 +0000 2017
35326,matched_prev,Well if you find out how to resolve it please let me know 😩 can you help us ..... no I know I’ll stick with apple haha,We've received your DM and will contiue with you from there. Keep an eye out for our response.,Wed Nov 01 09:49:47 +0000 2017
35333,matched_prev,"Hello,i have a question but i'm not sure is that possible, we have 150 ipads and we use apple configurator 2 for install apps to devices. First we connect devices to imac then we install with app configurator, can we install apps without connect to imac ? #apple",Hello! You'll want to work with our Enterprise support team on this. You can reach them through this link: https://t.co/IBIY3vMgPj,Wed Nov 01 08:37:51 +0000 2017
35335,35337,Series 3 LTE,Which iPhone and iOS version are you using on the paired iPhone?,Wed Nov 01 13:53:26 +0000 2017
35338,35339,6s plus iOS 11.03,Do you notice this display issue with any other apps?,Wed Nov 01 14:15:00 +0000 2017
35340,35341,Only twitter currently,Thanks. Let's start by updating both devices to see if the issues continues. This can help: https://t.co/80YRnjDFDk,Wed Nov 01 15:13:27 +0000 2017
35336,matched_prev,I thought the issue with icons not displaying correctly was a bug fix for watchOS 4.1? #AppleWatch https://t.co/r8h9zMExx7,"We'd be happy to look into this display issue with you. To start, can you tell us which Apple Watch you're using?",Wed Nov 01 09:28:22 +0000 2017
35343,35345,"Thanks for getting back to me. I have Windows 10 & the latest version of iTunes, which updated this morning just before I did the sync.",Thanks for letting us know. Check out this article for troubleshooting: https://t.co/czNgyf4Rgl DM us if the issue persists. https://t.co/GDrqU22YpT,Wed Nov 01 15:18:02 +0000 2017
35344,matched_prev,"Dear I have an iPhone 7 & iTunes, both genuine. So why do I always get this message when I sync? Hope you can help. Thanks. https://t.co/QgJ14liJDw","We're happy to help out with your sync issues. To get started, let us know which version of Windows and iTunes you have installed.",Wed Nov 01 10:05:33 +0000 2017
35347,matched_prev,"my iphone 6s is rendered two 2 hours. Drained battery, killed all non used apps and still two hours. #newiosblows",Let's look into what's happening together. Send us a DM telling us the country you're located in to begin. https://t.co/GDrqU22YpT,Wed Nov 01 10:01:36 +0000 2017
35970,35972,Thanks for coming back to me this time but will it achieve anything?!? I’m still in the same position I was in 4 months ago!!! #frustrated,We'd like to hear more about your experience. Reach out to us in DM. https://t.co/GDrqU22YpT,Wed Nov 01 19:21:00 +0000 2017
35971,matched_prev,Another pointless call with & disgusting customer service with no care for their customers!!! Who can I complain to?!😡,We'd like to hear more about your experience. Go ahead and DM us more details here: https://t.co/GDrqU22YpT,Wed Nov 01 13:47:42 +0000 2017
35976,matched_prev,You guys over charged me on iTunes and I want my money back I’m really upset,We completely understand and want to help. Please reach out to our iTunes Support team directly here: https://t.co/SDIe7UiyJN,Wed Nov 01 13:50:32 +0000 2017
36016,matched_prev,that's what I get for buying #AppleWatchSeries3. And your support here tells me there is no problem with the watch! https://t.co/z5eW7C4pKv,We'd like to take a closer look at this with you. Reach out via DM with the details. https://t.co/GDrqU22YpT,Wed Nov 01 13:49:40 +0000 2017
36023,matched_prev,I made an appt at Bridgeport on the phone. Rcvd no email. Can you please check if I have an appt?,Send us a DM. We'll continue working from there. https://t.co/GDrqU22YpT,Wed Nov 01 13:46:40 +0000 2017
36026,matched_prev,Does this mean I as a musical artist have to enrol as an Apple Developer? All I want to do is set my Artist Photo on Apple Music!! xx,You don't have to sign up to be a developer. But iTunes Connect support is done through the same support.,Wed Nov 01 13:29:41 +0000 2017
36028,matched_prev,Trying to access iTunes Connect and keep getting this when I click on artists. On two different computers (both IE and Chrome) https://t.co/SLcNN0jSkW,We'd want to get you to our Developer Support for assistance: https://t.co/rSt0PtuKcC,Mon Oct 30 10:23:39 +0000 2017
36031,36033,"I have, also have signed out of my iMessage account and logged back in","Alright, good to know. Let's double check the items listed under ""Set up SMS and MMS messaging"": https://t.co/jmMBILbFAw",Wed Nov 01 14:03:31 +0000 2017
36034,36035,Yes to all under the SMS relay section,"Perfect. Next up, let's try restarting your Mac in safe mode to see if the behavior persists: https://t.co/PQ4LSYhUTY",Wed Nov 01 15:30:00 +0000 2017
36036,36037,"Have to do this later then, on work machine at the moment.","No worries. We're here every day from 5am to 8pm, Pacific. Feel free to DM us once you have a chance to try that out. https://t.co/GDrqU22YpT",Wed Nov 01 16:03:37 +0000 2017
36039,matched_prev,I go to send one text and my phone battery went from 56% to 38% ??? . It has also dropped to 32% while typing this tweet.,Glad to help. Let us know what iOS is running there let's have a closer look at things.,Wed Nov 01 13:27:05 +0000 2017
36044,matched_prev,When the update will be available? iOS 11.1 .,iOS 11.1 is available now. You can update using the steps here: https://t.co/80YRnjDFDk,Wed Nov 01 13:50:06 +0000 2017
36046,matched_prev,please fix this annoying letter “I” (eye) bug. It autocorrects/spelling suggestion to weird characters. https://t.co/jhcjjEIW2q,Send us a DM and let us know what version of iOS you're running. We'll go from there. https://t.co/GDrqU22YpT,Wed Nov 01 13:48:13 +0000 2017
36048,matched_prev,Using Apple mobile since 2010 & currently iPhone 7 Plus.Replaced thrice but the problem still persists. Shld switch Android?,We'd like to work with you on this. Please give us a little more detail in DM. We can help from there. https://t.co/GDrqU22YpT,Wed Nov 01 13:42:46 +0000 2017
36050,matched_prev,I’m also stuck on 10.13.1 beta (17B46a) and won’t show 10.13.1 final to show in App Store updates. https://t.co/E3NWeZ45MP,"We want you to be able to update your Mac. Please send us a DM, so we can take a closer look. https://t.co/GDrqU22YpT",Wed Nov 01 13:40:36 +0000 2017
36065,matched_prev,insupportable le bug du clavier toujours pas corrigé sur iOS 11.1 ! C’est une priorité d’avoir un clavier fonctionnel non ?,We offer support via Twitter in English. Contact us for help in your preferred language here: https://t.co/IBIY3vMgPj,Wed Nov 01 13:43:31 +0000 2017
36067,matched_prev,Tengo un problema con macos high Sierra y no tengo ni idea de como solucionarlo. https://t.co/ZZPzd8fZAw,We offer support via Twitter in English. Get help in Spanish here: https://t.co/IBIY3vMgPj or join https://t.co/OczyRx7IOs,Wed Nov 01 13:38:02 +0000 2017
36070,matched_prev,"Can you help me update to iOS 11.1 it says ""verifying update"" and then error every time I try to install it.",Hey there. We'd be happy to help. Send us a DM so we can look into the issue with you there. https://t.co/GDrqU2kzhr,Wed Nov 01 13:42:13 +0000 2017
9229,matched_prev,Where’s the update for this I. Why does the letter l do that. Why do I have to use a lowercase L for a capital l?!,We'd be happy to look into this with you. Please reach out to us via DM and we'll get started. https://t.co/GDrqU22YpT,Wed Nov 01 13:37:17 +0000 2017
36077,matched_prev,"Hi, ı want to talk to you my complaint about services given by your senior advisor’s from turkey. Cheated:/",We're here to help. Let's take this to DM so we can better assist you. https://t.co/GDrqU22YpT,Wed Nov 01 13:22:42 +0000 2017
36079,matched_prev,Mmmmm any word? What is going on?,Please let us know in DM when these issues happen with your iPhone and we’ll continue there: https://t.co/GDrqU22YpT,Wed Nov 01 13:27:46 +0000 2017
36084,matched_prev,"What Is going on with the #Iphone, it is very unresponsive and has a lot of lag #iphone6SPlus and #iphone8",We'd be more than happy to look into this with you. What version of iOS are you using and are your apps up-to-date?,Mon Oct 30 20:36:59 +0000 2017
36087,matched_prev,"No, I haven’t... but I checked it on my MacBook (Mail app), still permanently deleted.","Okay. Send us a DM, and we'll continue to help out from there. https://t.co/GDrqU22YpT",Wed Nov 01 13:28:37 +0000 2017
36091,matched_prev,I recently deleted some emails on my iCloud & I expected it to be in the Trash... but upon checking it got permanently deleted,Hello. We are here to help. What type of device are you using?,Tue Oct 31 07:37:06 +0000 2017
36099,matched_prev,RT If you are having issues with you iPhone not typing the letter ‘I’ correctly. needs to see the impact of this BS 🤬😤,We’d like to get this issue resolved. Meet us in DM if you'd like to continue.,Wed Nov 01 13:37:03 +0000 2017
36106,matched_prev,What’s the activity setting for #Zumba (or similar) on the #apple #watch ? #series2 #queries #tellmequick,Great question! You can customize your Zumba workout. Check this out: https://t.co/ik0A8dg7Jt,Wed Nov 01 13:31:40 +0000 2017
36111,36112,"So I thought Apple still doesn’t allow to use NFC for headphones or speakers, but only for NFC “tags”.",Thanks for reaching out. Send us a DM and we'll work together there. https://t.co/GDrqU22YpT,Wed Nov 01 15:26:01 +0000 2017
36109,matched_prev,Can’t an iPhone 8 connect to a Bluetooth device using NFC?,Great question. That should work fine. Are you having any issues there?,Wed Nov 01 13:27:20 +0000 2017
36114,matched_prev,why is this still happening? https://t.co/xv7Qnl3qs1,We want to help. Join us in DM so we may look further into this. https://t.co/GDrqU22YpT,Wed Nov 01 13:39:48 +0000 2017
36116,36118,Ok. Thanks,You're welcome. Enjoy your day!,Wed Nov 01 15:19:36 +0000 2017
36117,matched_prev,Should I be concerned yet? My iPhone X left China and went to Hong Kong and hasn’t left yet I live in LA,Our Online Store team is best suited to help with your question. You can reach them here: https://t.co/8yjRd1Xo0i,Wed Nov 01 13:35:13 +0000 2017
36123,matched_prev,"hi, do you have a Tip, how to clean Nike+ Sport Loop Watch Bands?",Here's a great article to help guide you through cleaning your Apple Watch: https://t.co/VxlvpoL1kr,Wed Nov 01 13:32:38 +0000 2017
36125,36127,Yes to the point where I cannot even reset my phone or use the home button. It completely freezes or stutters. And my phone is brand new.,Alright. What is the current iOS version installed in Settings > General > About? Have you updated all of your apps as well? https://t.co/GDrqU22YpT,Wed Nov 01 15:13:27 +0000 2017
36126,matched_prev,"fix my phone, just bc y’all got a new phone out doesn’t mean everyone’s 7+ needs to freeze constantly and shit.",We want you to enjoy using your iPhone. Does the iPhone become unresponsive when using certain apps?,Wed Nov 01 13:28:15 +0000 2017
36479,matched_prev,sort your lives out mates my phones been fucked since your shitty update,"If you're running into issues with your iPhone, we'd like to help you out. Please send a DM with the exact issue(s) you're experiencing, along with the version of the iOS software you currently have installed. https://t.co/GDrqU22YpT",Wed Nov 22 19:00:17 +0000 2017
36614,36616,Ok sweet. And it isn’t going to mess it up that he’s going from mountain lion to Sierra?,"That is correct, it should not have any trouble.",Wed Nov 01 15:01:01 +0000 2017
36615,matched_prev,My husband hasn’t updated his MacBook since like 2011...🙄 do you think I could update it and be safe?,"As long as his Mac is compatible, it shouldn't be a problem. Be sure he has a backup. https://t.co/109nnHwfMC",Wed Nov 01 14:03:11 +0000 2017
36625,36627,"Can’t be completed , I tried my other iPhone and my iPad it’s working perfectly",We'd like to take a further look at this with you. Please meet us in DM to continue. https://t.co/GDrqU22YpT,Wed Nov 01 15:23:33 +0000 2017
36626,matched_prev,"Hi there, my iPhone 6S plus can’t do backup for it, not by iCloud and iTunes , any way to fix it ,thanks https://t.co/XYyWJe7vn7",We'd love to help. What happens when you try back up via iTunes?,Wed Nov 01 14:05:18 +0000 2017
36629,matched_prev,"hey, I just tried download the Final Cut Pro X trial but it says it's incompatible with High Sierra. Can I not download then?",Hi there. We suggest reaching directly out to our Final Cut support team here: https://t.co/IBIY3vMgPj,Wed Nov 01 14:01:17 +0000 2017
36631,matched_prev,I just sent a dm about an accident on iTunes I need help removing the payment please.,"This article can help:https://t.co/Y0YoIRcZa7 If you run into issues, reach out to iTunes billing here: https://t.co/SDIe7UiyJN",Wed Nov 01 14:01:01 +0000 2017
36633,matched_prev,"since the latest iOS update, my iphone6 is a lot choppier and slower. Anything I can do?",Let's see what's going on. How long ago did you update? Reply in DM to get started. https://t.co/GDrqU22YpT,Wed Nov 01 14:01:41 +0000 2017
36635,36638,Apple music in control center doesn’t show the song name and i can’t change the song or anything.,"Got it, thanks. Let us know the exact iOS installed in a DM and we'll continue. https://t.co/GDrqU22YpT",Thu Nov 02 00:26:00 +0000 2017
36636,36639,"Freezing basically all of the time. Apps are messing up, if i turn on airplane mode and then turn it off i can’t get service without restart",Which iPhone and iOS 11 version are you using?,Thu Nov 02 00:18:00 +0000 2017
36640,36641,iphone 7 and 11.0.3,Let's take a closer look. Send us a DM and we can start there. https://t.co/GDrqU22YpT,Thu Nov 02 00:56:00 +0000 2017
36637,matched_prev,Why did iOS 11 absolutely cripple my phone?,"We want you to be able to enjoy your iPhone. Give us some details on what you’re noticing, & we’ll do all we can to help out.",Wed Nov 01 13:58:56 +0000 2017
36643,matched_prev,any possibility to do that without completely wiping the memory? Thanks! 2/2,We're so sorry for your loss. Let's continue chatting via DM so we can take a look at the best options. https://t.co/GDrqU2kzhr,Wed Nov 01 13:57:32 +0000 2017
36645,matched_prev,"hi, how long is the 20 months 0% interest for iPhone x offer on for?",We'll point you in the right direction. Get with our Apple Online Store Support for purchase questions: https://t.co/8yjRd1Xo0i,Wed Nov 01 13:57:19 +0000 2017
36647,36649,"Too laggy and i think 11.1 more laggy for old iphone and worst when low battery, i very miss the all days on 10.","Send us a DM telling us which iPhone you have, and what happens after following these steps: https://t.co/OWRDHWSt4h https://t.co/GDrqU22YpT",Wed Nov 01 14:14:30 +0000 2017
36655,matched_prev,"Do movies listed as DolbyVision in Tunes also support HDR10? Or is this random? Curiously, they are always listed as either or","Great question! If you see the HDR icon, this iTunes Store movie can play in HDR10. Check this out: https://t.co/SFdFHkEs3N",Wed Nov 01 13:56:37 +0000 2017
36657,36659,iPhone 6 and I gotta twist it to work,Got it. Meet up with us in DM so we can gather more details and look into next best support options. DM us your country. https://t.co/GDrqU22YpT,Wed Nov 01 15:13:00 +0000 2017
36658,matched_prev,"I’m starting to get frustrated with the iPhone lightening port, I’ve cleaned it , I’ve tried different wires",Let's get you back up & running! Can you let us know which type of iPhone you're using & what exactly is happening with that port?,Wed Nov 01 13:51:04 +0000 2017
36661,matched_prev,I need you to hurry up and fix this update cuz I can’t type the letter “eye” with out it looking crazy as hell 🙄😤,"We're here for you! Send us a DM with your current iOS version, and we'll get started there. https://t.co/GDrqU22YpT",Wed Nov 01 14:00:05 +0000 2017
36664,matched_prev,Okay I thought it was just my phone fix this shit with the letter EYE 😭 https://t.co/tkqnKp6VNl,Thanks for reaching out. DM which iPhone and specific iOS version you are using to get started. https://t.co/GDrqU22YpT,Wed Nov 01 13:55:51 +0000 2017
36666,matched_prev,Thanks for locking me out of my phone.,We want to help out. Please DM us some more details about what's going on. https://t.co/GDrqU22YpT,Wed Nov 01 13:21:07 +0000 2017
36100,matched_prev,I’m having the same issue has anyone helped?,We're happy to help. Which iOS version is installed? Let us know in DM and we'll go from there. https://t.co/GDrqU22YpT,Wed Nov 01 13:53:32 +0000 2017
37655,37657,Thank you! iOS 11.1!,Let's take this to DM so we can better assist you. https://t.co/GDrqU22YpT,Wed Nov 01 15:27:34 +0000 2017
37656,matched_prev,Why can we not type the letter “i” without it turning into a question mark? 🙃 https://t.co/SKl6L9NhZS,Let's work together to sort this out. Which iOS version is this happening with?,Wed Nov 01 14:10:37 +0000 2017
37664,37666,11.0.3 and iTunes 12.7.,"We've recently released a new iOS update; 11.1. We'd advise to backup, then update the iOS software. https://t.co/ahjigcvFRG",Wed Nov 01 15:07:30 +0000 2017
37668,37670,That will fix it. But this bug was not present in 11.0.3.,"If this activity continues, please let us know by sending us a DM. https://t.co/GDrqU22YpT",Wed Nov 01 15:11:34 +0000 2017
37669,matched_prev,Top bar disappearing for anyone else in iOS 11.1? No time or signal being displayed. https://t.co/vkpN1lii42,Let's try restarting by following this article and see if it helps: https://t.co/OWRDHWSt4h,Wed Nov 01 14:12:40 +0000 2017
37672,37674,"i have never tried on Mobile data. the problem does persist on all Wi-Fi networks (open and private) that my iphone 5s has connected to, the music app would crash and close soon after i open it.",Got it. Let's try opening the Music app while only being connected to mobile data. Keep us posted.,Wed Nov 08 00:57:00 +0000 2017
37673,matched_prev,i have a 5s and my app crashes when connected to wifi. Please sort this out with the next ios update.,We'd like to help. Is this happening on cellular as well? Does it happen on all Wi-Fi networks?,Wed Nov 01 14:08:07 +0000 2017
35979,matched_prev,You guys over charged me on music I bought on iTunes and I want my money back I’m mad as hell,We want to help. You can reach our iTunes support team here: https://t.co/SDIe7UiyJN,Wed Nov 01 10:49:37 +0000 2017
38207,matched_prev,Hi there! I got an issue with iMessage and Facetime... using the latest iOS on an iphone 6.,We'd love to help. Please do tell us what the issue is.,Wed Nov 01 10:51:14 +0000 2017
38209,matched_prev,And when is the summer free is going to be released?,We’re also excited for the iPhone X! You can find out more information about available models here: https://t.co/yl9mQrnFWP,Wed Nov 01 10:57:31 +0000 2017
38217,38219,"I’m complaining on Twitter because phone support was not useful and disrespectful with me, 1st time after 15 years, times’re changing",That's not the experience we want you to have. Can you please provide more details about what happened in a DM? https://t.co/GDrqU22YpT,Wed Nov 01 15:39:00 +0000 2017
38218,matched_prev,"Depende como responda esto perderán un cliente (+familia) y prescriptor desde hace más de 15 años, usuario de toda la gama",We offer support via Twitter in English. Get help in Spanish here: https://t.co/IBIY3vMgPj or join https://t.co/OczyRx7IOs,Wed Nov 01 10:46:17 +0000 2017
38223,matched_prev,"i updated my iPhone 6s to ios 11.2 beta but everytime I unlock this alert pops up ,how can i fix this https://t.co/TT5XKhgp3o",We want to help. Send us a DM letting us know which country you are located in to get started. https://t.co/GDrqU22YpT,Wed Nov 01 10:44:13 +0000 2017
38227,matched_prev,"Mine is shite mate....crashing, turning itself off, apps randomly freezing, won’t let me call anyone",We'd like to look into this with you. When did these issues begin? Tell us in a DM. https://t.co/GDrqU22YpT,Wed Nov 01 10:38:06 +0000 2017
38230,matched_prev,cuando vais arreglar el problema de la batería con vuestras actualizaciones de IOS? Es de vergüenza,We offer support via Twitter in English. Get help in Spanish here: https://t.co/IBIY3vMgPj or join https://t.co/OczyRx7IOs,Wed Nov 01 10:51:23 +0000 2017
35221,matched_prev,It’s happening with mine too,We'd like to help. DM us and tell us the exact version of iOS you're running. https://t.co/GDrqU22YpT,Wed Nov 01 14:11:58 +0000 2017
38235,matched_prev,See right here!!! What’s the question mark? I didn’t put that there!!! https://t.co/QswmjxiQZ5,Let's work on getting to the bottom of this together. Which iOS version is installed? Let us know in DM. https://t.co/GDrqU22YpT,Wed Nov 01 12:41:55 +0000 2017
38241,38242,15 days later and it still hasn’t turned up. Any thoughts?,We're happy to take a look and figure this out for you. Join us in DM with your iOS version and watchOS version. https://t.co/GDrqU22YpT,Wed Nov 15 14:23:25 +0000 2017
38240,matched_prev,Any reason why my Apple Watch October challenge suddenly disappeared yesterday? I completed it but it never filled in.,Thanks for reaching out. Awards appear 9 days later. This article explains Activity Achievements: https://t.co/xwf6lrqFb9,Wed Nov 01 10:35:57 +0000 2017
38244,matched_prev,after updating my Apple Watch series 2 to WatchOS 4.1 battery is draining a lot faster.,"We're here for you. Send us a DM, and we'll take a closer look at your battery life together. https://t.co/GDrqU22YpT",Wed Nov 01 10:33:56 +0000 2017
38246,matched_prev,new update 11.0.3 has made my cell slow like samsung. The main reason me buying apple was a hope that it doesnt hang! 😐,"We can help. We’ve released iOS 11.1. Let’s make sure you have a backup, and update your iPhone: https://t.co/80YRnjDFDk",Wed Nov 01 14:10:55 +0000 2017
38248,matched_prev,yesterday I purchased iPhone 6. Trying to connect to PC for copy songs but it’s not recognizing. Please help.,Let's work on this together. Which version of Windows are you using? DM the answer below. https://t.co/GDrqU22YpT,Wed Nov 01 10:38:57 +0000 2017
38250,38252,Hi I googled the problem and turns out do not disturb function had been activated somehow unbeknown to me. Thank you for help,We're glad you were able to get it fixed. You're very welcome!,Wed Nov 01 21:17:30 +0000 2017
38254,matched_prev,Seems to be ok now. Thanks,That is great news! Please reach out if you need further assistance.,Wed Nov 01 10:31:55 +0000 2017
38256,matched_prev,it had 60% before the error.,That is good to know. Let's still give it about 20 minutes or so. Please do keep us in the loop.,Tue Oct 31 18:59:28 +0000 2017
38258,matched_prev,"the charging screening is now showing, now what?",Let's give it some time to charge. It can sometimes take up to 20 minutes to come back on if it was completely depleted.,Tue Oct 31 18:48:04 +0000 2017
38261,matched_prev,"Great! My Ipad has died, it won't turn on",We'd like to help! Try the steps in this article: https://t.co/8MvHMFZ83h Let us know what happens.,Tue Oct 31 10:41:45 +0000 2017
38636,38638,it’s on 11.1 it has just popped up when I went into general for an software update I 11.1.2,"Great. Go ahead and run the update. After it is complete, try restoring your backup again.",Wed Nov 22 20:15:33 +0000 2017
38639,38640,how do I find the old update from this afternoon as I can’t see it in iTunes?,"We are not quite sure we understand. You are still trying to update correct? You can update the iPhone X in the General Settings or in iTunes. If you don’t see it in iTunes, you may have to update iTunes as well.",Wed Nov 22 20:38:37 +0000 2017
38641,38642,i have updated my phone to 11.1.2. But to get my backup from my 7 installed on my X. Is it possible as I set up the X as new.,"You can restore a backup to your iPhone X, as long as the iPhone X is running the same or newer iOS version compared to the iOS version that was used during the backup you had created previously. DM us to continue. https://t.co/GDrqU22YpT",Wed Nov 22 20:52:31 +0000 2017
38860,38862,"Yes, I’ve had this phone for a long time and I don’t believe it’s done anything like this before","If you set up a new alarm for 5 minutes from now, does it go off?",Wed Nov 01 15:31:00 +0000 2017
38866,38867,"No, and not that I know of.",Let’s team up on this situation. Could you let us know more details via a DM? We’ll keep moving forward from there. https://t.co/GDrqU22YpT,Wed Nov 01 19:28:00 +0000 2017
38861,matched_prev,My alarm never went off this morning and I have no idea why help,We want you to be able to wake up on time. Is this the first time this happened?,Wed Nov 01 11:14:40 +0000 2017
38869,38872,Already been told that nothing can be done cos I bought it via my design agency even though I have a receipt Your U.K. MD has avoided me.,We'd like to see if we can be of help. Would you mind joining us in DM? We'd like to continue our conversation there. https://t.co/GDrqU22YpT,Wed Nov 01 17:47:00 +0000 2017
38873,38874,Can we speak via email? __email__,"We offer support here, through phone support, or chat. DM us if you would like to continue here. https://t.co/GDrqU22YpT",Fri Nov 03 20:48:30 +0000 2017
38870,matched_prev,My iPad 2 has locked. Wrote to the M.D. and he did sod all. Gonna buy android from now. Suggest you all do the same,We'd like to help you out if we can. What do you mean your iPad 2 has locked? Are you getting an error message?,Wed Nov 01 11:01:43 +0000 2017
38876,38878,Location details sent in DM !,Thank you. We will reply to you there.,Wed Nov 01 17:25:00 +0000 2017
38877,matched_prev,"I am running on iOS 11.1, crackling sound ws reported 6 months back but now it is relatively less after update but Call Volumes have dropped",Thanks for that information. DM the country or region where you are currently located to continue. https://t.co/GDrqU22YpT,Wed Nov 01 13:02:50 +0000 2017
38885,matched_prev,I'm using iCloud etc all of your shit but I cannot restore my data after a simple clean refresh. It seems I'm stupid :/,Let us help. Follow up with us in DM. Tell us if the data is also missing from the iPhone 6 Activity App. https://t.co/GDrqU22YpT,Wed Nov 01 10:54:53 +0000 2017
38893,matched_prev,would I ever receive a txt saying my apple account had been locked and a link to a website to verify it? Seems odd!,We typically don't send texts. You can learn more about suspicious messages here: https://t.co/tHkFZyBtjO,Wed Nov 01 10:53:50 +0000 2017
39596,matched_prev,Ummm please help🙃🙃🙃🙃🙃 https://t.co/OI6rdEp42b,We're here for you. Which version of macOS are you running? Check from the  menu > About This Mac.,Wed Nov 01 11:54:58 +0000 2017
39598,matched_prev,Case id is 100335493202,"Let's look into this together. Send us a DM, and we'll continue with you there. https://t.co/GDrqU22YpT",Wed Nov 01 14:36:50 +0000 2017
39601,matched_prev,Dear – please do something about #iOS11 on the #iPhone6... it get's damn hot and is terribly slow during #AppStore updates 🔥,We want to know more about what you're experiencing. Are these issues only happening when using the App Store? Which iOS are you on?,Wed Nov 01 11:41:34 +0000 2017
39607,39609,It’s still the same,Have you tried resetting the Keyboard dictionary by going to Settings > General > Reset > Reset Keyboard Dictionary yet?,Wed Nov 01 17:21:00 +0000 2017
39610,39612,Same thing,Thanks for trying. DM us and we'll continue there. https://t.co/GDrqU22YpT,Wed Nov 01 18:06:00 +0000 2017
39615,matched_prev,soooo are you guys working on this bug going on with the keyboard??? The letter “ i “ keeps getting replaced by symbols https://t.co/1J584kcILT,We're here to help. Let's take this to DM so we can better assist you. https://t.co/GDrqU22YpT,Wed Nov 01 14:29:53 +0000 2017
39617,matched_prev,as fotos e vídeos do meu telefone não carregam mais.. como resolvo?,"Since our Twitter support is available in English, get help at https://t.co/IBIY3vMgPj or join https://t.co/pvaOFfPbjt",Wed Nov 01 11:41:37 +0000 2017
39619,matched_prev,"since updating to 11.1 this am, sound volume on phone calls (handset) very quite - speaker and Bluetooth works fine - pls help",We want to help with this. Do you experience the volume issue in all locations? Let us know in DM. https://t.co/GDrqU22YpT,Wed Nov 01 14:22:41 +0000 2017
39621,matched_prev,"My whatsapp chats wiped, now it's been backed up with 0 texts - how can I get them all back from previous back ups?","Let's take a look. Are you needing to restore from an iCloud or iTunes backup, or do you need to restore your WhatsApp backup?",Wed Nov 01 11:21:40 +0000 2017
39625,matched_prev,help...my alarm keeps going off between 1 and 10 minutes later than it is set for...,We want to help. Send us a DM letting us know if you are updated to iOS 11.1 https://t.co/GDrqU22YpT,Wed Nov 01 11:45:32 +0000 2017
39627,39629,Fixed. Wasn’t worm king with both until I went to work and connected to a WiFi that I haven’t been remembered by,We're glad to hear all is well. Please let us know if there's anything else we can do.,Wed Nov 01 15:43:31 +0000 2017
39628,matched_prev,upgraded to iOS 11.1 today from 11.03 and iMessage has stopped working and will not activate. Suggestions?,We'd like to help with your iMessage issue. Are you connected to Wi-Fi or cellular data?,Wed Nov 01 12:07:11 +0000 2017
39633,matched_prev,why is this my screen when I try to make a call. why this happen after the 10th update I’m confused. 💁🏾 https://t.co/jkA8umq3xi,We can assist you. Please DM us via the following link with your device model and we'll help you further. https://t.co/GDrqU22YpT,Wed Nov 01 14:15:19 +0000 2017
39636,matched_prev,"Hello, I have a huge problem!!!! Many of the songs that I mostly listen don’t work anymore on Apple Music, it’s very upsetting https://t.co/juU43Wu929",We're here to help. Let's meet up in DM and discuss it. https://t.co/GDrqU22YpT,Wed Nov 01 10:20:47 +0000 2017
39638,matched_prev,I guess it’s time to upgrade my 6s Touch ID isn’t working..,We'd love to help with your Touch ID. Check out: https://t.co/OOLuysF60o Let us know if this helps or not.,Wed Nov 01 11:33:37 +0000 2017
39640,matched_prev,Truly disappointed with the . My Watch is peeling the paint off and the support don't help me.,We'd be happy to look into this with you. Let us know the details in DM and we'll continue from there. https://t.co/GDrqU22YpT,Wed Nov 01 11:38:05 +0000 2017
39642,matched_prev,"hay manera de regresar a la actualización anterior? La pila no dura, el iPhone lento...entre otros",We offer support via Twitter in English. Get help in Spanish here: https://t.co/IBIY3vMgPj or join https://t.co/OczyRx7IOs,Wed Nov 01 14:26:52 +0000 2017
39644,matched_prev,hey guys any news on why Apple Pay isnt working. Is this a global issue or just UK?,We'd like to know more about what is going on so we can try to help. What happens when you try to use Apple Pay?,Wed Nov 01 11:20:04 +0000 2017
39646,matched_prev,все нормально? https://t.co/2FmxTf31rg,We offer support via Twitter in English. Contact us for help in your preferred language here: https://t.co/IBIY3vMgPj,Wed Nov 01 14:27:09 +0000 2017
39648,matched_prev,My phone will not stop freezing,"We're glad to help. To start, what version of iOS are you currently running? Find that in Settings > General > About.",Wed Nov 01 14:26:15 +0000 2017
39651,39653,Since the update yesterday my touch screen will stop working periodically. It will be working fine then stop for multiple minutes,"When this happens, do you need to force restart your iPhone? https://t.co/OWRDHWSt4h",Wed Nov 01 17:53:41 +0000 2017
39654,39655,I’ve tried that didn’t help. Now it’s just a matter of turning the screen off and letting it sit for 30 seconds then usually it works,"Give these steps here a try also: https://t.co/kQXBriN504 If you still have issues after doing them, DM us. https://t.co/GDrqU22YpT",Wed Nov 01 18:27:03 +0000 2017
39652,matched_prev,Now my touch screen is freaking out on the new IOS. I should have known better than to upgrade my iOS.,We want you to have a smooth update experience. What exactly is happening with your touch screen?,Wed Nov 01 14:19:51 +0000 2017
39668,matched_prev,"PT1. I pre-approved my iPhone X then ordered it at 301 am, your database is shipping the phone to a fake address due to a typo",Thanks for reaching out. Let's get you in touch with an Apple Online Store Advisor at: https://t.co/8yjRd1Xo0i.,Wed Nov 01 11:29:58 +0000 2017
39670,matched_prev,why does my iPhone turn on WiFi and Bluetooth automatically? 😭 #IWantToUseMyData,Are you doing it from Control Center? That would just disconnect your devices. Learn more here: https://t.co/G7BHuQnDS6,Wed Nov 01 14:18:52 +0000 2017
39673,matched_prev,I can confirm that the battery is still piss poor. Down to 43% and hardly used it today! 😩,"Battery life is definitely important, and we can help. To start, DM us the iOS version your iPhone is on. https://t.co/GDrqU22YpT",Wed Nov 01 11:20:19 +0000 2017
36071,matched_prev,yea same here idk what's wrong,Here is a great article to help you with that update: https://t.co/Ui1yTnOCUz,Wed Nov 01 14:17:25 +0000 2017
39682,matched_prev,Does anyone EVER get Apple’s ‘reading list’ to work offline in Safari? 🙄 What a load of old 💩. Any alternatives that work?,We'd love to look into this with you. Tell us what happens while trying to access your Reading List while offline.,Wed Nov 01 11:08:35 +0000 2017
39685,39687,Phone is an SE running iOS 11.0.03,Let's move over to DM to continue. https://t.co/GDrqU22YpT,Wed Nov 01 15:35:38 +0000 2017
39686,matched_prev,I can’t send photos any more with the new iOS. Any thoughts ?,"Let’s partner to figure this out. Tell us which device you’re using, and the version of iOS 11 it’s on to start.",Wed Nov 01 11:25:30 +0000 2017
39689,matched_prev,Mine is too I just thought something was wrong with my phone because it keeps doing weird shit all the time now,Thanks for reaching out. DM the specific issue you are seeing with your iPhone to get started. https://t.co/GDrqU22YpT,Wed Nov 01 12:01:13 +0000 2017
40434,40436,7 plus & ios 11,"Have you had a chance to update to the latest 11.1? If not, go ahead and give that a try first. Let us know how it works.",Wed Nov 01 15:54:34 +0000 2017
40437,40438,it is updated to 11.1,Thank you. Please send us a DM letting us know when this first started happening and we'll take it from there. https://t.co/GDrqU22YpT,Wed Nov 01 17:09:00 +0000 2017
40435,matched_prev,why when i️ type the letter “i” a symbol thing shows up,"We'd love to figure this out with you. Which device is this happening on, and which software version are you running?",Wed Nov 01 14:50:41 +0000 2017
40444,matched_prev,Anyone know how i fix this? I took these videos on Saturday and it just doesnt let me play any videos atall in my album 😤 https://t.co/Ouj3F2Qmu1,"We want you to be able to view your special moments. Just to clarify, this message appears in the Photos app, correct?",Wed Nov 01 14:50:07 +0000 2017
40448,40450,iOS 11.1. To open twitter i had to restart the phone again the screen just froze when j clicked☹️,"We totally understand. Please join us in DM, we'd like to start troubleshooting with you. https://t.co/GDrqU22YpT",Wed Nov 01 16:00:00 +0000 2017
40449,matched_prev,6sPlus freezes.hangs evry nw n thn.nt able 2 mltitsk. Apps freeze n i hv 2 restrt evry tym. Takng 2 long 2 opn apps. Frustrtd,"Hi. We are here to help. To get started, what is your iOS version? Go to Settings > General > About. Thanks",Wed Nov 01 14:36:32 +0000 2017
40452,40454,All sounds yes when I go to the settings to test it it works but any other that setting no. And I did restarted it and still doesnt work,"Alright, let's follow the steps here and let us know if the behavior persists: https://t.co/LQfLtVi1GC",Wed Nov 01 16:10:00 +0000 2017
40455,40456,Still my phone is like in headphone but nothing is plugged in and I did restart again and still,"So that we can take a deeper look, feel free to DM us what country you're located in: https://t.co/GDrqU22YpT",Wed Nov 01 17:11:00 +0000 2017
40453,matched_prev,My iPhone speaker doesnt work after ios 11.1 update,That's definitely not expected behavior. Let's figure this out. Is this happening with all sounds? Have you restarted?,Wed Nov 01 14:57:42 +0000 2017
40460,matched_prev,The letter “I” is malfunctioning when typing. Pleasure halp!,We'd like to help you out. DM us with what type of device you're using and we'll get started. https://t.co/GDrqU22YpT,Wed Nov 01 14:58:05 +0000 2017
40465,matched_prev,is there a way to close all open apps and return to home screen at once with Apple classroom?,Reach out to our Education department through the following link: https://t.co/IBIY3vMgPj,Wed Nov 01 14:25:00 +0000 2017
40467,matched_prev,"Jk, still broken",We can help! Send us a DM and let us know which iOS version you're running. We'll take it from there. https://t.co/GDrqU22YpT,Wed Nov 01 12:04:24 +0000 2017
40474,matched_prev,My battery is draining quickly on my iPhone 6s when I use 3G. I lose like 5% a minute. But it’s better when I use my WiFi.,We've responded to your DM. Look for us there.,Wed Nov 01 14:53:13 +0000 2017
40478,matched_prev,"hey, we need a new iOS update ASAP. My 6S’s battery life was literally cut almost in half and with less use! Work on it.",We received your DM and will continue with you from there. Keep an eye out for our response.,Wed Nov 01 14:51:35 +0000 2017
40480,40483,"IOS 11.1, And just my social media apps,",Thanks. We received your DMs and will continue with you there. https://t.co/GDrqU22YpT,Wed Nov 01 15:54:00 +0000 2017
40485,matched_prev,is de update 4.2 niet voor de Apple watch 1?,We offer support via Twitter in English. Contact us for help in your preferred language here: https://t.co/IBIY3vMgPj,Wed Nov 01 12:14:28 +0000 2017
40487,matched_prev,Bec I’m having the same issue!,We're here for you. Please DM us the version of iOS you're using and we can go from there together. https://t.co/GDrqU22YpT,Wed Nov 01 14:47:41 +0000 2017
40492,40500,Even i have the battery drain issues since updating to iOS 11. Not even any better on iOS 11.1,"Battery life is important, so we'd like to help. Let us know in DM when this started happening. https://t.co/GDrqU22YpT",Wed Nov 01 16:13:43 +0000 2017
40493,40504,Is it now GA? I thought it was still in beta,We released iOS 11.1 yesterday publicly. DM us if you run into any further issues. https://t.co/GDrqU22YpT,Wed Nov 01 15:58:02 +0000 2017
40498,matched_prev,is there an official fix for the 11.0.3 battery issue? 😰😭😓,"If you're having issues with your iPhone battery life, we'd like to help. Update to iOS 11.1 & let us know if that persists after.",Wed Nov 01 14:44:35 +0000 2017
40519,matched_prev,hi so I got an email my account was locked. But I’m pretty sure it was a fake.,We'd like to take a closer look at this with you. Let's continue our conversation via DM. https://t.co/GDrqU22YpT,Wed Nov 01 12:05:35 +0000 2017
31433,matched_prev,Jk its still not working I turned my auto correct off now.,"If you'd like us to help further with this issue, just send us a DM, and we'll work on it with you. https://t.co/GDrqU22YpT",Wed Nov 01 14:51:36 +0000 2017
40522,matched_prev,"please fix/help me with the podcast app. What happened to it?? No longer playing next episode, losing my place, can’t find the settings anymore. #help",Let's see what we can do. Send us a DM with all the details you can provide. https://t.co/GDrqU22YpT,Wed Nov 01 12:07:07 +0000 2017
40524,matched_prev,is the battery drain using iOS 11.0.2 we’ll know? I can see my battery drain crazy after used on 4G for a couple of min!,"We're here to help. Let's update to iOS 11.1 as it was recently released. For steps, check out this link: https://t.co/80YRnjDFDk",Wed Nov 01 11:38:41 +0000 2017
40528,40529,"Other site works on Safari, and at the same time icloud login also works perfectly fine in Chrome",We've checked our status everything looks ok. https://t.co/7NVrDovSd8. Have you tried clearing your Safari browser history? https://t.co/GDrqU22YpT,Wed Nov 01 16:40:30 +0000 2017
40530,40531,"I just did, same issue persists.",Have you recently installed any Safari extensions? You can check this under Safari tab > Preferences > Extensions.,Wed Nov 01 17:35:31 +0000 2017
40532,40533,"Nothing recently, i suspected uBlock but tried after disabling that.",Are there any other extensions that you tried disabling?,Wed Nov 01 18:11:32 +0000 2017
40534,40535,Tried that too.Didn't work.,Thanks for trying. Please send us a DM and we'll continue this conversation there. https://t.co/GDrqU22YpT,Wed Nov 01 18:55:40 +0000 2017
40537,matched_prev,El bug de la app de Gmail no se va y molesto el globo de notificación y er que no hay correos sin leer!!!😡,We offer support via Twitter in English. Get help in Spanish here: https://t.co/IBIY3vMgPj,Wed Nov 01 12:13:03 +0000 2017
40539,matched_prev,Hey! How do I permanently enable ‘Explicit’ content for Music? I have to manually enable it everytime. #AppleMusic,We'd like to help. Please meet us in DM and we'll take a further look at this together. https://t.co/GDrqU22YpT,Wed Nov 01 11:56:54 +0000 2017
40541,matched_prev,"is this normal? When I tap that symbol, it defaults to “I” https://t.co/6P38tAs964",We’d like to look into this. Which iOS version are you using? Find out in Settings > General > About.,Wed Nov 01 14:36:33 +0000 2017
40543,matched_prev,HELP https://t.co/8gsmO5JXRL,We're here to assist. Reach out to us via DM and we'll get started. https://t.co/GDrqU22YpT,Wed Nov 01 14:37:36 +0000 2017
40545,matched_prev,HEY how come I just downloaded a new update and Live Photo’s is STILL COMING ON EVERY TIME I OPEN MY CAMERA?????,Thanks for reaching out to us today! We'll be glad to look into this with you. Please send us a DM. https://t.co/GDrqU22YpT,Wed Nov 01 14:31:09 +0000 2017
40548,matched_prev,And cycle Watch power....,"We want to help get to the bottom of this. Please meet us in DM so we may gather information, and better assist.",Wed Nov 01 14:29:32 +0000 2017
40556,matched_prev,Dear you get all my ire this a.m. for that iOS update! It would not accept my valid password even after I reset! F UR UPDATE,We'd like to help. Are you referring to your passcode or which password exactly? Let us know in DM. https://t.co/GDrqU22YpT,Wed Nov 01 11:52:41 +0000 2017
40560,matched_prev,Hey why can’t I download podcasts from ? New update is terrible https://t.co/AWxHdxT0Q2,Thank you for reaching out to us. Which software version are you using? Does this happen when downloading all episodes?,Wed Nov 01 11:52:04 +0000 2017
41543,matched_prev,I I need y’all to fix this,We're here to help. Let's take this to DM so we can better assist you. https://t.co/GDrqU22YpT,Wed Nov 01 15:08:16 +0000 2017
41553,matched_prev,I couldn’t. A box came up and it looked like it hadn’t loaded properly. Looked like it wanted by Apple ID but nowhere to type it in,Meet us in DM at the link below. We will continue working on this together there. https://t.co/GDrqU22YpT,Wed Nov 01 15:13:38 +0000 2017
41556,matched_prev,locked out of my iPad. Followed instructions but it hasn’t worked. Please help. Also I want to turn this feature off,Let us know exactly what you see on your display currently. This will help us determine the best next steps to assist.,Wed Nov 01 06:21:00 +0000 2017
41558,matched_prev,Can you pair 2 AirPods to one iCloud account?,"Thanks for reaching out. We'd be happy to look into this with you. Send us a DM, and we can go from there. https://t.co/GDrqU22YpT",Wed Nov 01 14:44:46 +0000 2017
41562,matched_prev,"any way at all of reducing the amount of storage Mail takes up on your hard disk? “Load remote content” is off. I also have a 125GB MacBook Air 😩. The only actual files on my computer are mail files, literally everything else is on DropBox",Which version of macOS is running on your MacBook Air? Send us a DM and let us know. https://t.co/GDrqU22YpT,Tue Oct 31 19:16:40 +0000 2017
41566,matched_prev,why is “I” not working ?,We'd like to take a further look at this with you. Please meet us in DM to continue. https://t.co/GDrqU22YpT,Wed Nov 01 15:06:24 +0000 2017
41568,41571,"Keep seeing the letter I as ?, apps keep crashing, and it’s slower","Thank you for describing the issue. Lets take a closer look in a DM, select the following link to join us there. https://t.co/GDrqU22YpT",Wed Nov 01 16:35:00 +0000 2017
41573,41575,Thanks will do 🙏,You're welcome.,Wed Nov 01 17:06:00 +0000 2017
41574,matched_prev,good morning from PR when will u be selling Carrier unlocked iPhone X? Thanks 🙏,We’d like to get you in touch with our Apple Online Store team for assistance. Reach out here: https://t.co/RmFSlCBcIE,Wed Nov 01 15:04:16 +0000 2017
41579,matched_prev,#Apple mine does a similar thing,We'd like to take a further look at this with you. Please meet us in DM to continue. https://t.co/GDrqU22YpT,Wed Nov 01 12:35:26 +0000 2017
41582,matched_prev,Hey why did the iPhone update completely purge my downloaded music library? #notcool,"That’s not a good feeling to see your music gone. Please join us in DM, and we can assist you with this. https://t.co/GDrqU22YpT",Wed Nov 01 12:26:15 +0000 2017
41584,matched_prev,"I just followed some steps on the apple forum, and it worked. So I guess it’s solved, thank you.",Glad to hear you were able to update. Let us know if we can be of any other assistance.,Wed Nov 01 15:01:07 +0000 2017
41586,matched_prev,my 2011 MacBook Pro has been installing High Sierra update for about 6 hours. And stucking on this screen. Help! https://t.co/5Ixbs2qwjT,We'll be happy to help get your Mac updated. Do you have a Time Machine backup? We want to be sure your data is secure. DM us: https://t.co/GDrqU22YpT,Wed Nov 01 11:07:21 +0000 2017
41588,41590,Where exactly?,"We suggest contacting the store directly. Also, our Apple Sales Support Team can also assist you here: https://t.co/8gHzWPeVn5",Wed Nov 01 23:32:25 +0000 2017
41589,matched_prev,"At the apple store in Paris, can I buy an iPad by paying half in cash and half in credit card?",Let's help get you into the right hands. Please reach out to us via: https://t.co/8yjRd1Xo0i and we can go from there.,Wed Nov 01 12:53:54 +0000 2017
41593,41595,Thank you! My friend spotted this. I didn't realise it wouldn't automatically do the latest one. Thanks for replying-will do when get wifi😀,Awesome! Let us know how it goes.,Thu Nov 02 15:01:27 +0000 2017
41596,41597,So a slight improvement but already down to 50% - 2pm here - I’d usually be on 70 / 80 % - really disappointing. Only had this phone 1yr 😔,Let's go into DM so we can dig into the issue with your battery a bit more deeply. https://t.co/GDrqU22YpT,Fri Nov 03 19:12:00 +0000 2017
41594,matched_prev,Hey guys just upgraded to IOS 11.0.3 Battery drain horrendous on my 6s. NEVER seen it so bad!!! Can you please improve this..😔,Hi Alice. We've released an update to 11.1. Please navigate to Settings > General > Software Update to install the update.,Wed Nov 01 13:11:13 +0000 2017
41604,41606,seeing it on posts in twitter. haven’t noticed it in other applications yet.,"Is it happening with your own Tweets or someone else's? If you see it when you type, send us a DM. https://t.co/GDrqU22YpT",Wed Nov 01 20:41:30 +0000 2017
41607,41608,I see when viewing tweets in my timeline.,Send us a DM and let's dig a little deeper on this. https://t.co/GDrqU22YpT,Wed Nov 01 23:00:51 +0000 2017
41605,matched_prev,why do I have all these ? boxes on my timeline since I updated my phone...fix this trash.,"We can help. Is this happening with the keyboard on your device, or only being seen by other posts in an application?",Wed Nov 01 13:13:05 +0000 2017
41610,matched_prev,battery life on iOS 11.1 sucks. Really really bad.,Hello. Let's talk via DM and we'll check a few things together. Please tap here to continue? https://t.co/GDrqU22YpT,Wed Nov 01 13:12:44 +0000 2017
41612,matched_prev,What's going on here? https://t.co/O07wiOgCg8,Let's find out. What do you see if you click on the battery? Reply in DM to get started. https://t.co/GDrqU22YpT,Wed Nov 01 13:10:23 +0000 2017
41614,matched_prev,what’s up with when I type “I” some A and ? Comes up https://t.co/VAlXUjkxCY,Let's take a look together. Please send us a DM so we may better assist you. https://t.co/GDrqU22YpT,Wed Nov 01 15:01:44 +0000 2017
41616,41618,The current one 11.1,"Perfect, thanks! Go ahead and reach out to us in DM & let us know which iPhone model you have. https://t.co/GDrqU22YpT",Wed Nov 01 23:24:56 +0000 2017
41617,matched_prev,The new #IOS update is killing my battery. Why is this happening?,Thanks for reaching out to us. Let's work to get that battery life increased. Which version of iOS is currently installed?,Wed Nov 01 12:01:42 +0000 2017
37659,matched_prev,Following this too bc it’s been happening to me!!,We're here for you! Let's work together. Send us a DM and let us know when this started happening. https://t.co/GDrqU22YpT,Wed Nov 01 14:53:07 +0000 2017
41624,41626,It is just a black screen but when I use the Twitter app it works fine. Reset the phone and latest update didn’t fix it,"OK, thank you. Does this happen with the front camera, rear camera or both?",Wed Nov 01 16:20:26 +0000 2017
41627,41629,"Rear camera, (opposite side of the screen) . iPhone 7 Plus","Thanks for that clarification. If you flip to the front-facing camera and back to the rear-facing, does it start working?",Wed Nov 01 17:11:00 +0000 2017
41630,41631,"No, just turns the image from the front facing camera fuzzy",Are you running iOS 11.1 yet? Let us know in DM and we'll continue there. https://t.co/GDrqU22YpT,Wed Nov 01 17:54:57 +0000 2017
41625,matched_prev,can you guys fix the software issue with the camera? I need this for my job. No issues when using it through Twitter app,We'd be happy to look into your camera issue with you. Please let us know a bit more about what's going on.,Wed Nov 01 15:03:04 +0000 2017
41645,matched_prev,iPhone battery went from 100 to 54 in just 40 minutes. I updated the iOS yesterday. What gives?,We're here to help. Let's take this to DM so we can better assist you. https://t.co/GDrqU22YpT,Wed Nov 01 14:58:25 +0000 2017
41647,matched_prev,please tell me my iphone is freezing every 10 minutes since the new update I’m having to restart it constantly 😡😡😡,We can help! Which iPhone are you experiencing this on? Reply in DM to get started https://t.co/GDrqU22YpT,Wed Nov 01 12:23:41 +0000 2017
41649,41651,It is something like this that is going on: https://t.co/eruk4JvXR3 The number of messages is too much to deal with on an individual basis,OK. Send us a DM and we can take a closer look there. https://t.co/nYknMGviju,Wed Nov 01 17:01:01 +0000 2017
41650,matched_prev,Hey my iCloud mail is getting hammered with spam. Did you turn off filters? Under attack? LMK.,Hey there. We'd love to help. Have you checked out this article: https://t.co/Hw15Q2Vpu1,Wed Nov 01 12:18:17 +0000 2017
41653,matched_prev,"Hey either your grammar is going down hill, or someone’s gone #phishing https://t.co/8BHfuw5Tdq",Here's a great article to help you identify and report any suspicious communications: https://t.co/LNMCdqt6fD,Wed Nov 01 12:49:34 +0000 2017
41656,matched_prev,Anyone know how to fix this? cc/ #AppleWatch https://t.co/yzQUfaBVeA,"We're here to help. Give these steps a try: https://t.co/gl1kJmEDP2 If you still have issues, DM us. https://t.co/GDrqU22YpT",Wed Nov 01 14:49:50 +0000 2017
41659,matched_prev,"Hi, I’m using Numbers for Mac, trying to get CURRENCYH function working but it gives errors for weekend dates.. why so pls?",Our application support team will be glad to partner with you on this. They can be reached here: https://t.co/IBIY3vMgPj,Wed Nov 01 12:43:55 +0000 2017
41664,matched_prev,Pretty sure this isn’t legit 🧐 https://t.co/xuScGWduX4,Good eye! This article explains what to do and how to report these types of emails: https://t.co/LNMCdqt6fD,Wed Nov 01 13:00:00 +0000 2017
41666,matched_prev,hi can someone Dm plz,Hey there! You can DM us directly by clicking on this link: https://t.co/GDrqU22YpT,Wed Nov 01 12:37:37 +0000 2017
41668,matched_prev,It says “11.0.3 (15A432)”,"Let's follow this article to make a backup and update to iOS 11.1, then test the issue again: https://t.co/80YRnjDFDk",Wed Nov 01 12:45:14 +0000 2017
41674,matched_prev,11.1 update broke my wifi it's greyed out i've been waiting on live chat for over 30 minutes..,We are here to help whenever possible. DM which iPhone you are using to get started. https://t.co/GDrqU22YpT,Wed Nov 01 14:54:55 +0000 2017
41676,41678,Latest MacOS HighSierra. Relaunching Finder does nothing but restarting the machine fix it temporarily. It seems to be the icon view causing,Does the same behavior occur when the device is in safe mode? https://t.co/PQ4LSYhUTY,Wed Nov 01 16:08:44 +0000 2017
41677,matched_prev,what is going on here? Taking a screenshot doesn't capture the error. Only occurs on Finder windows. It's like Windows XP! https://t.co/NSdnfTCOhD,"Let's help get this sorted. To get started, what version of macOS are you using? Next, does restarting stop the behavior?",Wed Nov 01 12:14:34 +0000 2017
41683,matched_prev,I updated my iOS last night but the Bluetooth connectivity is still not acceptable. My Bluetooth earbuds will not pair. Help!,Thanks for reaching out. DM which iPhone you are using to get started. https://t.co/GDrqU22YpT,Wed Nov 01 12:45:59 +0000 2017
41685,41687,"iPhone is getting stuck and slow . Seriously, it was fine up until a week ago. Any tips? Thanks for responding. It’s not that old 😰","You’re very welcome. To start isolating the issue, tell us which iOS version your iPhone is on.",Tue Nov 07 14:56:26 +0000 2017
41692,matched_prev,Pero aún hay que arreglar la lentitud del teclado cuando está el móvil en sonido,We offer support via Twitter in English. Get help in Spanish here: https://t.co/IBIY3vMgPj or join https://t.co/OczyRx7IOs,Wed Nov 01 13:00:12 +0000 2017
41703,matched_prev,Now this crazy iPhone 8 is putting all sorts of emoji‘s in my writing. I hate emoji’s! fix the system!,"Please go to Settings > Reset > Reset keyboard dictionary to reset any unwanted correction, then restart your iPhone.",Wed Nov 01 12:40:57 +0000 2017
41705,matched_prev,Once I removed two step authentication it all went back to normal - thanks for responding,We're here to assist if you need assistance in the future.,Wed Nov 01 14:51:50 +0000 2017
41711,matched_prev,"just upgraded to 11.1, and had 50% battery drain on iPhone 6 during my bike ride to work (1 hour). This is unacceptable","We’d love to help with your battery life. To start, please send us a DM. https://t.co/GDrqU22YpT",Wed Nov 01 12:42:39 +0000 2017
41713,matched_prev,"It’s become too slow ,apps not working properly",Let's get you back to enjoying your device. What kind of Apple device are you using? https://t.co/GDrqU22YpT,Wed Nov 01 12:41:25 +0000 2017
42596,matched_prev,"Thank you, iOS 11.1",Got it. Let us know in DM when you notice this happening with your iPhone to continue. https://t.co/GDrqU22YpT,Wed Nov 01 15:19:20 +0000 2017
42601,matched_prev,when are u releasing fix for #iOS #1103 ? it sucks,Hi. We've released an update to 11.1. Please use these steps to update: https://t.co/80YRnjVguS https://t.co/GDrqU2kzhr,Wed Nov 01 13:13:45 +0000 2017
42603,42605,High Sierra but it shows on multiple macs that way using Sierra and High Sierra.,How many devices are in use with this iCloud account? Let's get in touch by DM so we can help from here. https://t.co/GDrqU22YpT,Wed Nov 01 16:48:00 +0000 2017
42613,42615,"Yes, still the same result. It just won't go to sleep. Closing the lid doesn't do anything.",DM your location and we'll take it from there. https://t.co/GDrqU22YpT,Thu Nov 02 15:07:29 +0000 2017
42614,matched_prev,is there any cure for a MBP that doesn't want to go to sleep?,We'd be happy to help. Do you have these settings applied to your MacBook? https://t.co/VT7bnvPnYj,Wed Nov 01 12:03:21 +0000 2017
42618,matched_prev,my iPhone 8 lock screen music controls always freeze specifically the elapsed time of a song I can still control. Visual bug,We're happy to assist. Which iOS version are you currently running? Go to Settings > General > About for the version.,Wed Nov 01 15:09:36 +0000 2017
42621,42623,11.1. Happening on my iPad as well so version number.,Let's move to DM for a closer look. Does it happen in all apps or only particular ones? https://t.co/GDrqU22YpT,Wed Nov 01 16:18:03 +0000 2017
42622,matched_prev,I have been having a weird predictive keyboard suggestion since last night. Tried resetting keyboard but nothing https://t.co/wzzdSZyHbI,We're here to help. Which version of iOS do you have installed on your device? You'd see this in Settings > General > About.,Wed Nov 01 15:10:59 +0000 2017
42626,matched_prev,just took 6% of my battery to pull up an email for my target in store order. This has been happening since the last update 😡,Have you updated to iOS 11.1 yet? https://t.co/80YRnjDFDk Send us a DM and let us know. https://t.co/GDrqU22YpT,Wed Nov 01 15:07:35 +0000 2017
42628,matched_prev,You have a Homekit bug where some guest users can’t connect to the hub. Support team has not been helpful thus far.,Let's help get this sorted. Please DM us some further details and we can go from there. https://t.co/GDrqU22YpT,Wed Nov 01 15:10:29 +0000 2017
42630,42632,iPhone 8 plus and ios 11,Follow up with us in DM. Tell us which version of iOS 11 you have installed there. https://t.co/GDrqU22YpT,Wed Nov 01 16:21:00 +0000 2017
42634,42637,I have restored the iPhone but the problem continues,Thanks. DM us the steps you took to restore your iPhone so we can continue helping. https://t.co/GDrqU22YpT,Wed Nov 01 16:22:00 +0000 2017
42636,matched_prev,Ey since I updating my iPhone 8 to iOS 11.1 does not stop restarting!! 😡😞😭 #iOS11 #bug,Let's get this sorted out together. Do you notice this happening when performing any specific steps or opening an app?,Wed Nov 01 15:03:57 +0000 2017
42643,42645,Thank you. Twitter didn’t notify me of your reply :( so restored phone & ok now. Was phone storage not iCloud.,"We're glad to hear the issue has since been resolved. Let us know if you have any further questions. Additionally, there may have been a new update to iOS 11. If you're not on iOS 11.1.1, we'd recommend backing up and updating to that latest version.",Sun Nov 12 16:36:25 +0000 2017
42644,matched_prev,Hello I have iPhone 5s which since 11.0.3 update is constantly saying storage full even though its not! Please help! Thank you,We’d like to help with this. Is this notification for iCloud storage or the storage for your iPhone?,Wed Nov 01 12:50:19 +0000 2017
42647,matched_prev,it's ok. i called in. all set.,Great! If we can help at all in the future with your Apple products please reach out to us.,Wed Nov 01 15:34:05 +0000 2017
42651,matched_prev,Just wanted to report poor battery life on iPhone 6S following iOS 11.1 update yesterday. Phone also running warmer.,"We’d love to help with your battery life. To start, please send us a DM. https://t.co/GDrqU22YpT",Wed Nov 01 13:11:11 +0000 2017
42653,matched_prev,"everytime I open Snapchat, it freezes. Thus causing every other app to freeze when I open it. This new iOS is ass..",We're here for you. Which version of the iOS are you running? Check by tapping Settings > General > About.,Wed Nov 01 14:56:53 +0000 2017
42655,42657,Already changed my password and will not let me update apps on my Mac. Still receiving this message. https://t.co/an5JIQ4YSg,"With the error you're receiving, we're going to have you reach out to our iTunes Store for assistance: https://t.co/SDIe7UiyJN",Thu Nov 02 23:51:52 +0000 2017
42656,matched_prev,Hey Apple! Having issues with my ID and already changed my password. Trying to update my computer but says ID is disabled?,We can help! Check out this article for guidance with your Apple ID: https://t.co/HH37urdbz9,Wed Nov 01 15:15:32 +0000 2017
43192,matched_prev,"I got my iphone 7 9 months ago. Since the ios 11 update I have to charge it twice a day, I get no more than 3/4hs of total usage before battery drains out. I love you apple, but please fix this!","We know how important it is to have the battery in your iPhone performing at its best. There can be many factors which influence the battery performance. Let's take a closer look together. Send us a DM, telling us which version of iOS 11 is on your iPhone 7, to begin. https://t.co/GDrqU22YpT",Wed Nov 22 20:16:51 +0000 2017
43320,matched_prev,Hace media hora tenia 100% de carga y ahorita 85%. Me dueles Pónganse bien con un case con batería gracias.,We offer support via Twitter in English. Get help in Spanish here: https://t.co/IBIY3vMgPj or join https://t.co/OczyRx7IOs,Wed Nov 01 15:51:38 +0000 2017
43323,matched_prev,is it possible to get a 2011 MacBook Pro battery serviced in store?,Let's see what we can find out. Send us a DM with the country you're located in.,Wed Nov 01 15:50:34 +0000 2017
43325,43327,"iPhone 7+, freezes all the time, need to hard reset at least twice a day since iOS 11 update","Thank you for those details, and we'll be happy to help. Send us a DM so we can look further into this issue. https://t.co/GDrqU22YpT",Wed Nov 01 16:53:36 +0000 2017
43329,43331,"No, no error messages. The app ‘freezes’ all the time since the iOS11 update. I don’t get the logic of the listen now tab at all.",Would you mind joining us in DM please? We'd like to start troubleshooting. https://t.co/GDrqU22YpT,Wed Nov 01 17:09:28 +0000 2017
43330,matched_prev,Please fix your Podcast app! 🤬 #iOS11,We can help with your Podcasts! Are you getting any error messages? What happens when you use the Podcast app?,Wed Nov 01 15:42:36 +0000 2017
43333,43335,I’m using 10.13.1. It crashed a few times before I updated last night and today as well. The laptop just shuts off completely.,Let's start with resetting the SMC. Here's more about the SMC and how to reset it: https://t.co/FYojVXHuwn Did that help?,Wed Nov 01 17:04:00 +0000 2017
43336,43337,"No, this has not helped it is still randomly shutting down.",Send us a DM and we'll take a closer look together. https://t.co/GDrqU22YpT,Tue Nov 07 13:17:26 +0000 2017
43334,matched_prev,Hey why does High Sierra keep crashing my Mac? its crashed 6 times in a day so far.,That shouldn't be happening. Let's help. Which version of macOS High Sierra are you using? What happens when it crashes?,Wed Nov 01 15:44:54 +0000 2017
43339,43341,This!! https://t.co/hZ3XzrlC3g,"It's in recovery mode and we can help. Do you have a computer with iTunes installed, or a computer you can install iTunes on?",Thu Nov 02 13:33:30 +0000 2017
43342,43343,I have but I am currently travelling...,Could you Direct Message us and let us know what country you're located in? https://t.co/GDrqU22YpT,Thu Nov 02 15:40:07 +0000 2017
43340,matched_prev,what happened to your devices! I have 2 phones that are not working now! 6s and SE! Should we switch to ??,What kind of issues are you having? We'd love to help out.,Wed Nov 01 15:49:58 +0000 2017
43346,43348,"No, it does not.",Are all your apps updated from the App Store?,Wed Nov 01 17:18:08 +0000 2017
43347,matched_prev,My phone just lost 50% battery in 5 minutes with only Twitter open. It's an iPhone 5 (MD638LL/A) running iOS 10.3.3 (14G60),Are you seeing this battery service message? https://t.co/KyywFa9iZ3,Wed Nov 01 15:30:29 +0000 2017
43352,43354,"Random apps, but I think I see it most frequently when I screenshot and go to share that screenshot",Thanks. Which iPhone and iOS version are you using? You can check under Settings > General > About.,Wed Nov 01 16:42:30 +0000 2017
43355,43356,"iPhone 7, iOS 11.1","After it freezes up, how do you get it to respond? Do you have to force restart? Please respond in DM. https://t.co/GDrqU22YpT",Wed Nov 01 17:25:00 +0000 2017
43353,matched_prev,Why is my phone still freezing like that’s its job?,"Let's help get this resolved. To get started, does this happen completely at random or when using specific applications?",Wed Nov 01 15:19:53 +0000 2017
43363,matched_prev,your keyboard tripping my G,We're here for you. What issue are you experiencing with your keyboard?,Wed Nov 01 15:44:29 +0000 2017
43365,matched_prev,why is my phone turning “I” to I ??? I didn’t do anything for this to start happening why would y’all do this on your own?,We'd like to help. Which iOS version is installed on your iPhone currently?,Wed Nov 01 15:33:37 +0000 2017
43367,matched_prev,Can’t change the Apple ID to .com Website stills shows it is not possible. I used this document: https://t.co/5tVOJEnCkg,Thanks for reaching out! Our Account Security team is best suited to help you. You can reach them here: https://t.co/UJm15vmMM2,Wed Nov 01 15:12:04 +0000 2017
43370,matched_prev,"why is my iphone (6s, recent update) showing symbols and stuff as i️ type when autocorrect is on?","We're glad to help. To start, what version of iOS are you running? Find that in Settings > General > About.",Wed Nov 01 15:43:54 +0000 2017
43373,matched_prev,"Phone out of warrantee by 15 days, broken due to a hardware fault and no responsibility taken by",Hello. We'll be glad to check into your options. Please meet us in a DM and share a few details. https://t.co/GDrqU22YpT,Wed Nov 01 15:41:18 +0000 2017
43375,matched_prev,y’all gon answer me or nah 🙄😐,Hi there. We'd be happy to look into this with you. Send us a DM and let us know what's going on. https://t.co/GDrqU22YpT,Wed Nov 01 15:37:13 +0000 2017
43377,43379,11.0.3 https://t.co/d7fsU9eKd9,Let's get your iOS updated. Remember to create a backup first. You can find instructions here: https://t.co/80YRnjDFDk,Wed Nov 01 16:38:00 +0000 2017
43378,matched_prev,Why every time I type I it’s a question mark,We're here for you. Which version of the iOS are you running? You can check by tapping Settings > General > About.,Wed Nov 01 15:41:35 +0000 2017
43381,matched_prev,¿Para que cabrones quiero 70 emojis nuevos si no solucionan los problemas de lags? 😡😡😡 #iOS11 #iOS111,We offer support via Twitter in English. Get help in Spanish here: https://t.co/IBIY3vMgPj or join https://t.co/OczyRx7IOs,Wed Nov 01 15:33:23 +0000 2017
44559,matched_prev,why music app is forcing me to subscribe Apple Music https://t.co/QnxUNmWSon,We can assist you. Please DM us via the following link with your device model and current iOS version. https://t.co/GDrqU22YpT,Wed Nov 01 15:56:39 +0000 2017
44561,matched_prev,Still no resoultion to my complaint. Poor service. Acknowledgement of your email/submission - Follow-up: 677035208,"We would like to hear about your AppleCare support experience. Please send us a DM, so we can take a look. https://t.co/GDrqU22YpT",Wed Nov 01 15:50:04 +0000 2017
44563,matched_prev,Yes!!!! I have had to reset this shit five times today already like FIX THIS,We're here to help. Which version of iOS is installed on your iPhone? You'll see this in Settings > General > About.,Wed Nov 01 15:44:09 +0000 2017
44569,matched_prev,I’ve just received this text message... is it a scam? https://t.co/iIz6799AeL,We want to look into this. DM us and we'll continue there. https://t.co/GDrqU22YpT,Wed Nov 01 15:58:19 +0000 2017
44571,matched_prev,why did this shit update make my 6 plus so fucking slow!,We'd be happy to look into this with you. Please reach out to us via DM and we'll get started. https://t.co/GDrqU22YpT,Wed Nov 01 15:53:02 +0000 2017
44602,matched_prev,is this from Apple ? Don't want to click on anything until I know for sure https://t.co/3eYzNMBMlq,"No, that's not from us. Check out this link for more help with identifying phishing attempts: https://t.co/LNMCdqt6fD",Wed Nov 01 15:57:04 +0000 2017
44604,44606,I read it already. Signing out didn’t help either.,"Okay, thanks. Let's get to DM. https://t.co/GDrqU22YpT",Wed Nov 01 17:04:00 +0000 2017
44605,matched_prev,I’m still unable to change my Apple ID from https://t.co/xvL3ugX1Kp to https://t.co/oT9ReP5yXv. I want to use my alias address https://t.co/XySlqjAcQs,We want to help out. Let's take a look here: https://t.co/xuZEqdPMFW,Wed Nov 01 15:53:15 +0000 2017
44608,matched_prev,And i cant fix it i had to turn off auto correct and check spelling,Let's get this figured out. Which iOS is installed? Please DM us. https://t.co/GDrqU22YpT,Wed Nov 01 15:46:17 +0000 2017
44611,matched_prev,But also can’t recognize my fingerprint 99% of the time,We understand how important Touch ID is and we'll help. Are you able to add any new fingerprints? Please send us a DM. https://t.co/GDrqU22YpT,Wed Nov 01 06:32:53 +0000 2017
44618,44619,Ya I was asking about it,Be sure you don't have Reduce Motion turned on: https://t.co/P2Obw7hkfD Send us a DM if you still can't find it. https://t.co/GDrqU22YpT,Wed Nov 01 17:05:00 +0000 2017
9233,matched_prev,I am using iOS 11.0.3 but I was unable to get that option,Are you referring to the echo effect in Messages? Let us know via DM and we'll look into it. https://t.co/GDrqU22YpT,Wed Nov 01 15:50:51 +0000 2017
44625,44627,I can’t because it sends a code to the phone I can’t use??,"Do you have access to a computer? If so, you can log into your Apple ID account page to make these changes shown in the guide.",Wed Nov 01 17:03:36 +0000 2017
44628,44629,Do I have to do an account recovery?? Which I have to wait 24 hours for??,"Recovery should only be used as a last step. First, contact our Account Security team by going to https://t.co/UJm15vmMM2",Wed Nov 01 17:43:57 +0000 2017
44626,matched_prev,help I logged out of my Apple ID account and the verification code is sent to a broken phone????,We can assist you. You can change a trusted device if you are using two-factor authentication: https://t.co/RONuUjClwW,Wed Nov 01 15:39:27 +0000 2017
45159,matched_prev,"Hi, guys. It’s me again. I bought my old work computer. It was wiped. It turns on but gives me a password hint that doesn’t work, so I can’t get it open. Ideas? Thanks!","No worries! We’re here to help. Let’s begin by gathering some information. Send us a DM telling us which what type of Mac we’re working with. Also, let us know if you recognize the user name that is displayed on the login screen. https://t.co/GDrqU22YpT",Wed Nov 22 20:49:03 +0000 2017
45563,45565,"It just shows all message view, not where I can write to that person..","Do you know what version of the iOS is on the device? If not, you can check under Settings > General > About > Version.",Wed Nov 01 21:50:00 +0000 2017
45566,45567,"I have iOS 11.1, updated today. I can send to you screen recording, so you could see that bug.",That would be great. Send that to us in DM. Keep us posted and we can pick up from there. https://t.co/GDrqU22YpT,Wed Nov 01 22:44:27 +0000 2017
45564,matched_prev,Hey ! Why message button doesn’t work when I click it from contacts to send message? On iOS 10 it worked fine.. I have iPhone7.,Let's take a look at what's going on. Can you tell us more info on what happens when you click the message button?,Wed Nov 01 16:04:08 +0000 2017
45575,45576,"Apple logo. Won’t know it’s turned off till I check, then have to turn back on",Thanks. Please send us a DM and we'll continue this there. https://t.co/GDrqU2kzhr,Wed Nov 01 18:58:01 +0000 2017
45578,matched_prev,So I updated my phone . But I still see those small weird boxes wassup,Let's look into this together in DM. Tell us more. https://t.co/GDrqU22YpT,Wed Nov 01 16:07:33 +0000 2017
45587,matched_prev,my phone froze and i lost all 32000 photos on my phone 😭 help a sis out plz,We'll do all we can to get your Photos back. Please reach out to our Photos team here: https://t.co/IBIY3vMgPj,Wed Nov 01 16:02:10 +0000 2017
45589,45591,I need help with this issue to,"Meet us in DM. Let us know your iOS version, and we'll see what we can do to help. https://t.co/GDrqU22YpT",Thu Nov 02 15:14:00 +0000 2017
45590,matched_prev,Yes. Mine is doing the same,We'd like to look into this with you. Could you DM us the exact version of iOS you are running? https://t.co/GDrqU22YpT,Wed Nov 01 15:58:29 +0000 2017
45597,45600,Hello! Just not clear for me what should I do to achieve the challenge? And why the average is so high? 🙏🏻,We'll be happy to take a closer look. Please DM us the version of watchOS and iOS you're using and we can go from there. https://t.co/GDrqU22YpT,Wed Nov 01 18:46:00 +0000 2017
45598,45603,iOS 11.1 + watchOS 4,Send a DM to continue. https://t.co/GDrqU22YpT,Wed Nov 01 19:22:01 +0000 2017
45604,45605,"Sorry, what is DM?",Direct Message. https://t.co/GDrqU22YpT,Wed Nov 01 22:57:00 +0000 2017
45599,matched_prev,hello! I have a strange activity app glitch. It shows my average calories in a day as 18373. https://t.co/GINlpPlVmp,We're here to help. Meet us in DM and we'll take a further look at this together. https://t.co/GDrqU22YpT,Wed Nov 01 16:03:31 +0000 2017
46574,matched_prev,"hello, my iPhone X order says it’s “prepearing to ship” since saturday and it still hasnt changed it’s status.. what happened?","Thanks for reaching out. Send us a DM, and let us know which country you're located in. https://t.co/GDrqU22YpT",Wed Nov 01 16:16:49 +0000 2017
46576,matched_prev,"I am from the US but I live in China. Is it possible to have my iPhone/Mac iCloud linked to my Chinese info (bank, address), and separate Apple ID linked to my U.S. info (bank, address)?..Want to keep my iCloud storage in China but use App Store/Apple music from US",Our iTunes Support team would love to assist you. You can reach their team here: https://t.co/SDIe7UiyJN,Wed Nov 01 16:00:58 +0000 2017
46578,matched_prev,My phone died at 10:30am this morning. I woke up at 6:30am with a full charge. Literally wtf,We want to help. Tell us more about what's happening in DM. https://t.co/GDrqU22YpT,Wed Nov 01 16:12:33 +0000 2017
46580,matched_prev,I got my songs back. IOS 11 affected my password somehow and wouldn’t let me log in. Had to change password,"We're glad to see that you got your music back! Let us know if you run into any other trouble, and we'll be here to help.",Wed Nov 01 16:08:46 +0000 2017
46582,matched_prev,hello how can I check if my phone is locked to a network? I'm going abroad and want to put in a different sim,Hi there. Your cellular provider is the best place to start. You can learn more here: https://t.co/apt0gLeQET,Wed Nov 01 15:58:19 +0000 2017
46584,matched_prev,After the new update my phone loses battery power when it’s plugged in and I look at it 😤😳😡,"We're here for you. Send us a DM with your current iOS version, and we'll continue there. https://t.co/GDrqU22YpT",Wed Nov 01 16:12:15 +0000 2017
46590,46592,Yes on the lock screen,We're here to help. DM us so we can look into this further with you. https://t.co/GDrqU22YpT,Wed Nov 01 17:26:31 +0000 2017
46591,matched_prev,So iOS 11.1 has got some bugs 😬 https://t.co/GOjjfGtXSg,We want to help. Does this happen with other apps?,Wed Nov 01 16:10:16 +0000 2017
46594,matched_prev,chatted with your agent for 10 min and she was clueless about this issue. Yet twitter is blowin up. I just want to type “I” https://t.co/3OBtqPntHt,We'd like to help. Please meet us in DM to continue. https://t.co/GDrqU22YpT,Wed Nov 01 16:12:40 +0000 2017
47994,47996,I already did. And I received the money back. But I'm not sure what I'm supposed to do with the songs now. Do I delete them or ?,iTunes Store support would still be the best to advise you on this. Reach back out to them and they'll get you taken care of!,Wed Nov 01 17:52:03 +0000 2017
47995,matched_prev,"hi there, I need to inquire something regarding he refund of an item","For questions about refunds, our iTunes Store would be the best team to help. Reach out to them here: https://t.co/SDIe7UiyJN",Wed Nov 01 16:35:11 +0000 2017
47998,matched_prev,I am also having this problem! And I’ve contacted Apple support and neither rep seemed to have a clue how to fix it!,"We'd like to see what we can do to assist. We received your DM, and we'll be following up with you there shortly.",Wed Nov 01 16:26:45 +0000 2017
48000,matched_prev,look at this shit. I’m sick of it! Can’t type the letter I without all the extra bullshit!,"We know the importance of being able to type all letters and characters. In DM, please reply with your iOS version. https://t.co/GDrqU22YpT",Wed Nov 01 15:51:23 +0000 2017
48004,matched_prev,Bu ne biçim Afyonkarahisar https://t.co/P2CwBS6E4l,We offer support via Twitter in English. Contact us for help in your preferred language here: https://t.co/IBIY3vMgPj,Wed Nov 01 16:30:40 +0000 2017
48009,matched_prev,could you please reply back to my private message,We've responded to your DM. Look for us there.,Wed Nov 01 16:25:01 +0000 2017
48012,matched_prev,the letter i is broken https://t.co/bawyLJeACD,"We're here for you. Send us a DM, and we'll take a closer look at this issue together. https://t.co/GDrqU22YpT",Wed Nov 01 16:29:43 +0000 2017
48014,matched_prev,What is with your stupid fucking update freezing my phone,"Let’s work together to sort this out. Let us know which version of iOS 11 your iPhone is on, and we’ll take it from there.",Wed Nov 01 16:29:41 +0000 2017
48017,matched_prev,and about battery i think it good with low mode and sometimes i found some lags on opining keyboard search on home screen i know it will fixed with other update but please help us fast thx for understanding,We'd like to look into these lags with you. Please send us a DM to get started. https://t.co/GDrqU22YpT,Wed Nov 01 16:18:46 +0000 2017
48021,matched_prev,still on 11.0.3 need back home to upgrade to 11.1 and hope battery life fixed,"Thank you for letting us know! After updating, if the battery hasn't improved after 48 hours, please let us know.",Tue Oct 31 19:16:20 +0000 2017
48024,matched_prev,"im talking about battery life in ios 11 battery so bad every update is fix alot of problemes but still the biggest problem ""battery""",We'd love to help with your battery life! Which version of iOS 11 are you updated to?,Tue Oct 31 18:35:40 +0000 2017
48026,matched_prev,كل الناس ما يهمها حاجة الان فى نظام #iOS11 الا تعديل استخدام البطارية we dont care any feature in #iOS11 just need more life for battery,We offer support via Twitter in English. Contact us for help in your preferred language here: https://t.co/IBIY3vMgPj,Tue Oct 31 18:24:33 +0000 2017
48030,matched_prev,"Why does the ""Preserve Live Photo"" setting no longer apply to iMessage photos? Used to work. Now always takes live photos.",We'd be happy to help out. When did you notice that this stopped working? DM us and let us know. https://t.co/GDrqU22YpT,Wed Nov 01 16:17:11 +0000 2017
48033,matched_prev,iPhone 7 has been stuck on an update loop for 12 hrs with recent upgrade..can't get out of it or access via iTunes. Pls help.,We want to help. Let's put your phone in recovery mode and restore. Here's how: https://t.co/iYLZzFD8qZ,Wed Nov 01 16:13:40 +0000 2017
48037,48039,I can able sign in at that adress with my id,What happens when you attempt to sign in? Do you receive an error message or anything like that? Reply in DM https://t.co/GDrqU22YpT,Wed Nov 01 18:33:00 +0000 2017
48038,matched_prev,after ios 11.1 update i could not use app store .. always it ask user id password and it has not been accept it,Let's see what's going on. Are you able to sign in with this Apple ID on https://t.co/bq19gX3X68,Wed Nov 01 16:17:36 +0000 2017
48041,matched_prev,Hey how does your operating system occupy almost 50% of my phone’s storage? https://t.co/yM3WDFCMD1,Let's look into this for you. Send us a DM with your current iOS version to get started. https://t.co/GDrqU22YpT,Wed Nov 01 16:12:02 +0000 2017
48043,48045,All messages came back. And I am connected to wifi but I have also tried to download using data. It also won't let me do a software update,Understood. Do you receive an error when trying to download the apps? Let us know in DM. We'll meet you there. https://t.co/GDrqU22YpT,Wed Nov 01 17:37:01 +0000 2017
48044,matched_prev,"Hi, I've just reset my phone and restored from icloud but none of my apps are downloading.",We are here to help you get your apps back. Are you connected to Wi-Fi? Did other things such as your Messages come back?,Wed Nov 01 16:18:08 +0000 2017
49199,49201,"So, no word from and now my watch has been returned to Apple store. Still broken. 😐😐😐😐#ThursdayThoughts #iphone10 #applewatch #CustomerServiceFail",We want to help. We would like to have you DM us so we can continue to help out regarding your Watch. https://t.co/GDrqU22YpT,Thu Nov 09 15:56:36 +0000 2017
50023,matched_prev,Why does the method posted today on changing your Apple ID from a third party address to an iCloud address not work? https://t.co/7UC8DUYmvy,We want to look into this. DM us in more detail and we'll go from there. https://t.co/GDrqU22YpT,Wed Nov 01 17:11:24 +0000 2017
50025,matched_prev,eye don’t know what to do*** hahaha fuck me,We’ll help! Did you recently update to iOS 11.1? You can DM your answer. https://t.co/GDrqU22YpT,Wed Nov 01 16:54:26 +0000 2017
50032,matched_prev,I updated to iOS11 and this message keeps popping up when I try to active FaceTime. Help! https://t.co/k85dLbWTyQ,We can help you. We noticed that you're connected to your cellular data. Have you tried activating your FaceTime through Wi-Fi?,Wed Nov 01 17:01:13 +0000 2017
50042,matched_prev,Hey iOS 11 sucks none of my apps can update anymore,"Let us know via DM what occurs when trying to update, then we can work together to get it resolved. https://t.co/GDrqU22YpT",Wed Nov 01 17:00:23 +0000 2017
50044,matched_prev,my phone’s battery is draining faster after upgrading to ios 11.1. (I have iphone 6s). Please fix this issue asap.😩,Let's help. Follow up with us in DM. Tell us the current region you reside in there. https://t.co/GDrqU22YpT,Wed Nov 01 17:00:04 +0000 2017
50049,50051,I’m saying it’s there....but it often doesn’t work. I’ll have music playing and the “music” in the control panel will be blank. See pic https://t.co/hzPl2LVSEO,"Thanks. If you play a song, does the info appear? Does the info and controls gray out after a certain amount of time?",Wed Nov 01 18:04:27 +0000 2017
50054,50055,"No. The information does not appear ever. When I took that screenshot, I was listening to music.","Has the device been restarted since it happened? If not, let's do that using these steps: https://t.co/OWRDHWSt4h",Wed Nov 01 18:31:26 +0000 2017
50056,50057,Yes. Plenty of times. It just goes back to not functioning. I’ve done a reset on my phone and everything. I will click the link,OK. DM us and we can take a closer look at things there. https://t.co/GDrqU22YpT,Wed Nov 01 18:53:32 +0000 2017
50050,matched_prev,Hey I wish I could control music from the control panel instead of having to open the app 😒,You can. Check out how to use Control Center and Music here: https://t.co/5PJOiqKdHY,Wed Nov 01 17:02:03 +0000 2017
50059,matched_prev,My phone now lists over 50 apps that can’t be used until the developers upgrade to ios11 What is going on,We want you to be able to use all your apps with the update. Are there any updates for your apps in the App Store?,Wed Nov 01 17:04:46 +0000 2017
50074,matched_prev,What did i wrong? Any version of ios 11 drains my battery. I have to charge It twice a day. Apple please....,We'd like to help. Check out these steps on how to maximize your battery life: https://t.co/bivpdfBNJ6,Wed Nov 01 16:58:41 +0000 2017
50076,matched_prev,The update sucks! How long before you fix all the bugs? This is ridiculous ☹️🙄😡😤,Let's work on resolving the issues together. DM us what is happening and we can go from there. https://t.co/GDrqU22YpT,Wed Nov 01 16:48:35 +0000 2017
50080,matched_prev,Same here. It’s much worse. It’s as if you guys are deliberately ignoring this problem.,We'd be happy to see how we can help. DM us which device and OS version you're using to get started. https://t.co/GDrqU22YpT,Wed Nov 01 16:43:40 +0000 2017
50082,matched_prev,iOS 11.1 on iPhone 6 Battery drain increased. You guys should retire gracefully if you can’t solve simple problem,Thanks for reaching out to us. We are always happy to help. Send us a DM so we can look into this issue with you there. https://t.co/GDrqU22YpT,Wed Nov 01 03:21:54 +0000 2017
50089,matched_prev,"Can't update iPhone software, restarted phone and reconnected internet still not working https://t.co/FpCg3Qr5i2",Let's look into this together. Which model of iPhone are you using? Here's a great guide to help: https://t.co/Ui1yTnOCUz,Wed Nov 01 16:54:23 +0000 2017
50588,matched_prev,Having some battery issues. Any way to check it?,Hey there! This is certainly not the experience we want you to have. You're in great hands for support. Let's look into this together. Please DM us which Apple device you're using. We look forward to speaking with you soon. https://t.co/GDrqU22YpT,Wed Nov 22 22:34:34 +0000 2017
50590,matched_prev,I sent you all a message WITH screenshots!,Thank you for reaching out. We received your DM and will continue to work with you there.,Wed Nov 22 22:25:15 +0000 2017
50615,matched_prev,y’all really bout to piss me off with this dumbass update. My phone keeps crashing and shutting off,"Hi there. Let's work on getting your iPhone responding as expected again. We don't want you to miss a call or text or Tweet. Please tap here to DM us, and share which iOS version you're running (Settings > General > About > Version): https://t.co/GDrqU22YpT",Wed Nov 22 22:14:43 +0000 2017
50799,matched_prev,I keep links as shown in the photo but when you press on the link the note take U out to the home page https://t.co/gzYJKUfe5B,That's not okay. Let's take a look in DM. Follow us there using the link below: https://t.co/GDrqU22YpT,Wed Nov 01 17:31:57 +0000 2017
50801,matched_prev,with the new update still having problem with (notes) fix it,We're always happy to help. What type of issues are you having with Notes?,Wed Nov 01 16:50:50 +0000 2017
50805,matched_prev,IOS update causing phone screen to freeze and apps crashing. What’s the remedy?,Let's work together. Did you recently update to iOS 11.1? Please send us a DM with your answer. https://t.co/GDrqU22YpT,Wed Nov 01 17:17:31 +0000 2017
50808,50810,iOS 11.0.3. No error msg just sits their blank,Got it. When was the last time you were able to access the News app? And have you moved between countries recently?,Wed Nov 01 18:34:30 +0000 2017
50811,50812,"Yesterday , still in same place Los Angeles",Thanks for clarifying. Let's go ahead and delete and reinstall the News app: https://t.co/fUZ0NRJxcn,Wed Nov 01 18:53:31 +0000 2017
50813,50815,It’s working again thx👍,Excellent! We're glad to hear that. You're most welcome! Enjoy the rest of your day.,Wed Nov 01 19:38:27 +0000 2017
50809,matched_prev,Tried turning phone off and on n nothing,"Got it, thanks. Which iOS does this occur on? Also, are you getting an error message when you try and open the News app?",Wed Nov 01 17:24:56 +0000 2017
50818,matched_prev,Can’t get into apple news on iPhone🤷🏼‍♂️,Happy to help. So we're on the same page is this the Apple News app or the website you're attempting to access?,Wed Nov 01 16:37:21 +0000 2017
50820,50822,I have Iphone 7 updated to ios 11.1. After the news IOS released this year battery problem raised.,Thanks for the information. Try following the steps in this link and DM us if issues persist after that: https://t.co/bivpdfBNJ6 https://t.co/GDrqU22YpT,Thu Nov 02 02:25:00 +0000 2017
50821,matched_prev,IOS new update have some problems. Have to charge the phone 3 times a day. Before it was just once.,We understand how important battery life is. What is the exact version you updated to? https://t.co/ZTw54HL4Rm,Wed Nov 01 17:31:07 +0000 2017
50826,matched_prev,the new update makes my phone freeze so i have to reset my phone 3 times everyday and I can’t hear people during phone calls,"You’ve come to the right place for help. To begin, tell us the version of iOS 11 your iPhone is on, and we’ll go from there.",Wed Nov 01 17:24:44 +0000 2017
50828,50830,I-pad air 1,We've received your DM and will continue to work with you there.,Wed Nov 01 19:35:30 +0000 2017
50829,matched_prev,Touchscreen OS 11.3 balky. Sometime have to press or hit the screen several times or even quit 2 get response. Keyboard off 2,"Let us know via DM which device this is on, then we can take a look at this with you from there. https://t.co/GDrqU22YpT",Wed Nov 01 17:14:24 +0000 2017
50832,50834,I just switched to the iPhone 8 and haven’t purchased anything. I deleted the last couple apps I downloaded but didn’t work :( https://t.co/O9PEBrQCd8,"We've checked our systems, (https://t.co/7NVrDovSd8) and everything looks good on our end. Send us a DM so we can troubleshoot. https://t.co/GDrqU22YpT",Wed Nov 01 18:40:00 +0000 2017
50838,50840,It was happening with all contacts. After two restarts and adjustmenten of time (again) it seems to be working flawless. Thank u 4 your time,"We're glad to see that it's working again. Please let us know if you run into any other trouble, and we'll be here to help.",Wed Nov 01 18:47:32 +0000 2017
50839,matched_prev,Thank you for the reply. That Page was thé first thing I have double checked. I can connect with a contact. But that contact gets nothing..,"Thanks for trying those steps. Is this happening with one contact, or all contacts? Have you restarted your MacBook Air?",Wed Nov 01 17:19:42 +0000 2017
50843,matched_prev,I can receive on my facetime - MacBook air. However if I try to vidcall the other person won't get my call. What can I do?,We're here for you. Check out this article for help with FaceTime: https://t.co/9TOn04wzxN,Wed Nov 01 16:35:41 +0000 2017
50847,matched_prev,why has IOS 11 ruined my phone. 12 months no issue. Since I’ve installed that crap my phone freezes and keep having restore,"Hey Steven, we'd like to help get to the bottom of these issues. Which iOS version are you currently running on your iPhone?",Wed Nov 01 17:13:53 +0000 2017
50852,matched_prev,ok I love that app too… cc. https://t.co/DPDvkwctMZ,Thanks for reaching out. We're here to help. DM us so we can look into this further with you. https://t.co/GDrqU22YpT,Wed Nov 01 17:16:54 +0000 2017
50854,matched_prev,can u acknowledge that you're looking into a solution for this!? It is very frustrating to not be able to type work emails!!!,Thanks for reaching out. DM which iPhone and specific iOS version you are using to get started. https://t.co/GDrqU22YpT,Wed Nov 01 17:19:56 +0000 2017
50860,matched_prev,are you going to fix our phones from glitching ???,Let's see what's going on. Let us know more about what is happening with your iPhone.,Wed Nov 01 17:17:12 +0000 2017
50862,50864,I didn’t see this cause I couldn’t use my phone but my carrier fixed it. Thanks,Great to hear you're back up and running. Thanks for the update!,Wed Nov 01 23:51:00 +0000 2017
50866,50868,If it gets turned on the side it sticks there. In iMessage we can’t scroll to the newest message without closing iMessage and going back in again.,Let's take a look at this for you. Reach out to us in DM. https://t.co/GDrqU22YpT,Wed Nov 01 18:56:00 +0000 2017
50867,matched_prev,this last update is terrible! So many bugs! Fix it! Please!,"If you're having issues, we'd love to assist. What exactly is going on with your iPhone? What issues are you experiencing?",Wed Nov 01 17:20:24 +0000 2017
50870,50872,That’s correct and also skipping to the next song 🤔,"Does this occur when the screen is locked, unlocked, or both? Also, which type of iPhone do you have? https://t.co/GDrqU22YpT",Wed Nov 01 18:32:36 +0000 2017
50874,matched_prev,sorry I’m just now seeing this but I took it to my local apple store and they fixed it!! thank you!!,We're glad you were able to get the issue resolved. Feel free to reach out to us anytime you need assistance.,Wed Nov 01 17:14:57 +0000 2017
50878,matched_prev,IPhone 5s reseting after few min. since updgrade iOS11 from ios10. Any solution? No Apple store near. I’m from Canary Islands.,We want to help. Send us a DM letting us know if you are updated to iOS 11.1 https://t.co/GDrqU22YpT,Wed Nov 01 17:11:34 +0000 2017
51625,51626,In every app except iMessage,"Let's take a deeper look! To begin, feel free to DM us what country you're currently located in: https://t.co/GDrqU22YpT",Wed Nov 01 19:00:01 +0000 2017
51623,matched_prev,what is this??? I 🤬,We're happy to assist. Which iOS version are you currently running? Go to Settings > General > About for the version.,Wed Nov 01 17:52:35 +0000 2017
51628,matched_prev,"hey..um my bookmarks and reading list are all gone and i didn’t connect them to icloud, is there any way to get them back?",We can certainly help look into this with you. DM us & tell us more about how this happened. https://t.co/GDrqU22YpT,Wed Nov 01 17:41:53 +0000 2017
51633,matched_prev,"Please fix this issue, it's soooo annoying !! https://t.co/h4V15jyuB0",We'll be happy to assist as best we can. Are you updated to iOS 11.1? We released that yesterday.,Wed Nov 01 17:41:59 +0000 2017
51637,matched_prev,seriously how can I stop my phone correcting We to W.E??? I don’t have it as a shortcut or anything https://t.co/EVMdedCw9P,"Let's work together to help resolve this. To start, which version of iOS are you running on your iPhone?",Wed Nov 01 17:47:36 +0000 2017
51641,51643,"It's fixed for now, thanks.",Sorry for the confusion. It looks like we missed your last message. Glad to hear all is well with your Apple Music!,Wed Nov 01 18:56:00 +0000 2017
51642,matched_prev,"apple music got renewed a couple of days ago, but unable to access it right now",We want to help you get back to enjoying your Apple Music! Which device are you accessing it on? Do you get an error message?,Wed Nov 01 17:46:19 +0000 2017
51649,51651,I just updated it to 11.1.1 but it was happening before then too,Thanks for letting us know. Send us a DM and we'll continue this conversation there. https://t.co/GDrqU22YpT,Wed Nov 01 18:40:00 +0000 2017
51650,matched_prev,HOW DO I FIX THIS SOMEONE HELP https://t.co/oNbzVJsSdw,Let's dive into this issue together. Which iOS version is your device currently running?,Wed Nov 01 17:39:16 +0000 2017
51655,matched_prev,SAMEEEE WTFFF please help us,We'd like to see if we can help. DM us the device you're experiencing this on and we'll get started. https://t.co/GDrqU22YpT,Wed Nov 01 17:50:35 +0000 2017
51667,51669,It’s running very sluggish,Let's continue in DM then so we may better assist you https://t.co/GDrqU22YpT,Wed Nov 01 18:35:33 +0000 2017
51668,matched_prev,I did a soft reset and it came back decent,"When you say decent, does that mean the issue is resolved or are you still experiencing slowness or sluggishness?",Wed Nov 01 17:45:40 +0000 2017
51672,matched_prev,this new update is a mess my phone has a frozen notification on the screen and running very unstable. help please,We're here to get you back to enjoying the iPhone. Does the iPhone still respond to touch at all?,Wed Nov 01 16:46:30 +0000 2017
51674,matched_prev,I’ll dm you if there’s any problem after i update it,That sounds like a plan. Keep us in the loop. Thanks and take care.,Wed Nov 01 17:44:10 +0000 2017
51680,51682,Not much help at all. It just talks about deleting all of my pictures at once or from a desktop,Not to worry! We'll get to the bottom of this. Let's move to DM. Send us the exact alert from https://t.co/tmRhWEkIq4 https://t.co/GDrqU22YpT,Wed Nov 01 19:20:00 +0000 2017
51681,matched_prev,All of my pictures magically got deleted somehow. ??? What the shit? I go from 3K to 600 fuck is up?,What happened before they were deleted? Are you able to see those photos at https://t.co/tmRhWEkIq4 if you log in there?,Wed Nov 01 17:42:34 +0000 2017
51686,matched_prev,"Help! Everytime I type ""I"", a box showing an A and a question mark pop up. And displays as a barcode. Please fix asap!",We've received your DM and will continue working with you there. Look for a reply from us shortly.,Wed Nov 01 17:35:55 +0000 2017
51690,matched_prev,"When I type “I” or see tweets, messages, etc with “I” in it.. it’s a box.",Thank you. Please send us a DM with which device and exact software version you’re using. https://t.co/GDrqU22YpT,Wed Nov 01 17:23:22 +0000 2017
51692,matched_prev,my phone is updated so WHY AM I SEEING BOXES??,Hi. We are here to help. Can you please give us some specifics of what is occurring on your device?,Wed Nov 01 16:44:07 +0000 2017
51696,matched_prev,I swear y’all need to fix(i ) this like right fucking now I can’t even message my manager on group me without looking dumb,Let's work together to find the best solution. DM us with what type of device you're using. https://t.co/GDrqU22YpT,Wed Nov 01 17:30:34 +0000 2017
51698,51700,"iPhone SE version 10.3.1. As far as I know this is something that happens with my friends' iPhones as well, so haven't tried anything...","So that we can take a deeper look, feel free to DM us when you first noticed this behavior occurring. https://t.co/GDrqU22YpT",Wed Nov 01 18:36:26 +0000 2017
51701,51702,"Everyone I ask sees the same thing, seems to be a default setting on the OS. I'm not interested in troubleshooting my specific phone thanks!",Direct Message us when you're ready. We'd like to narrow this down. https://t.co/GDrqU22YpT,Thu Nov 02 18:17:00 +0000 2017
51704,51706,11.0.3 (15A432) Last night my keyboard disappeared while trying to text so I reset the phone settings. Still having problems.,Thanks. We’ll want to update to iOS 11.1 and then test again. Be sure to back up beforehand. DM us if the issue persists. https://t.co/GDrqU22YpT,Wed Nov 01 20:07:36 +0000 2017
51705,matched_prev,why since my 7s was updated am I having trouble sending picture messages? It freezes when I try to select person to send to.,We can help with MMS. Which version of the iOS are you currently running? You can check in Settings > General > About > Version,Wed Nov 01 17:35:34 +0000 2017
51708,matched_prev,So is the iOS confusing the letter I for this emoji?!?!?,We want to work on this with you. Join us in DM to continue. https://t.co/GDrqU22YpT,Wed Nov 01 17:28:17 +0000 2017
51711,matched_prev,help my phone. I can’t fix it obviously,We're glad to look into this with you! Please DM us. Let us know which iPhone you're using to proceed. https://t.co/GDrqU22YpT,Wed Nov 01 17:25:35 +0000 2017
52186,matched_prev,Already did. And it keeps asking for Touch ID https://t.co/coD9GekRkc,"When you use the Touch ID to install, does it still fail? Go to Settings > General > Date & Time. Check to make sure the correct time zone is selected for your location. Please send us a DM and we'll continue there. https://t.co/GDrqU22YpT",Wed Nov 22 23:15:56 +0000 2017
52188,matched_prev,I’m in the same boat. https://t.co/MlKN9Y8Iuv,"Thank you for the screenshot. Please try powering off your iPhone and restarting. Once that is done, try downloading the app again and let us know the result.",Wed Nov 22 22:53:44 +0000 2017
52258,52260,There’s an update available for 11.1 but friends that already updated are experiencing the same issue.,Understood. Please DM us and we will continue from there. https://t.co/GDrqU22YpT,Wed Nov 01 20:10:29 +0000 2017
52259,matched_prev,"I have iOS 11.0.3 and my keyboard keeps autocorrecting the letter i to a weird symbol similar to ""A ?"" and it won't change.",We want your keyboard to respond correctly. Please check to see if you have an update under Settings > General > Software Update,Wed Nov 01 18:03:56 +0000 2017
52264,52266,"I’ve updated to iOS 11.1. Still get “Invalid password “, even after resetting network setting and ‘forget this network’ and trying again to join. Nothing works.","Thanks for keeping us updated. To clarify, is your iPhone unable to connect to multiple networks requiring a password?",Fri Nov 03 17:01:28 +0000 2017
52267,52268,That’s correct. It will join unsecured networks but not two different ones requiring a password.,Let's look further into this together. Please join us in DM. https://t.co/GDrqU22YpT,Fri Nov 03 21:53:00 +0000 2017
52265,matched_prev,Help . My iPhone 6 will connect to unsecured wifi networks but not those requiring a password. “Invalid password” every time. (IOS 11.03).,We'll be happy to assist as best we can. We did release iOS 11.1. You might try updating using iTunes and see if that helps.,Wed Nov 01 17:55:56 +0000 2017
52270,52271,It freezes constantly having problems sending text messages I constantly turn it off and on because I can not call out and at times no sound,Got it. Please DM us and we will continue troubleshooting from there. https://t.co/GDrqU22YpT,Wed Nov 01 20:17:32 +0000 2017
52273,matched_prev,can you please help me,We've received your DM and we can happily help. We'll follow up with you there. https://t.co/GDrqU22YpT,Wed Nov 01 18:05:56 +0000 2017
52275,52278,"Seems to turn on randomly while on a transit bus or lrt even though I tell it not to, as I’m not driving.",Check out this link for more information on that: https://t.co/G7BHuQnDS6,Wed Nov 01 22:44:53 +0000 2017
52282,matched_prev,"так ты и фоточки туда переносишь, бекапы?",We offer support via Twitter in English. Contact us for help in your preferred language here: https://t.co/IBIY3vMgPj,Wed Nov 01 17:59:14 +0000 2017
52285,matched_prev,plzzz explain to me why I cannot see the letter “I” but instead I get an A and a question mark in a box?? https://t.co/nqJEDSAIVf,We'd like to look in to this with you. Which iOS version is currently installed? Let us know in DM. https://t.co/GDrqU22YpT,Wed Nov 01 17:56:33 +0000 2017
52287,matched_prev,Desde que actualice a iOS 11 mi iPhone se volvió lento. Me recuerda a los viejos Samsung! Que está pasando?,We offer support via Twitter in English. Get help in Spanish here: https://t.co/IBIY3vMgPj or join https://t.co/OczyRx7IOs,Wed Nov 01 17:54:58 +0000 2017
52289,52291,🤦🏽‍♀️ thank you!!,You're welcome. Feel free to reach out if you have a question in the future. We'll be here for you. Enjoy your day!,Wed Nov 01 18:41:01 +0000 2017
52293,52295,It’s 11.0.3,"Let's have you update to 11.1 per the following article, then see if the issue continues or not. https://t.co/80YRnjDFDk",Wed Nov 01 18:45:01 +0000 2017
52296,52297,I’ll do that when I get access to WiFi later today,Great! Feel free to reference this article if you need assistance with updating using your Wi-Fi network. https://t.co/Ui1yTnOCUz,Wed Nov 01 19:11:34 +0000 2017
52298,52299,Updated and it’s still doing the same thing,Got it. Send us a DM and we'll continue to work together on this from there. We're eager to help resolve this. https://t.co/GDrqU22YpT,Thu Nov 02 18:04:26 +0000 2017
52294,matched_prev,running the app is eating all kinds of extra battery life on my iPhone 7. Didn’t notice it til a couple of days ago,Let's take a look at this together! Which iOS version is currently on your iPhone?,Wed Nov 01 17:54:08 +0000 2017
52302,matched_prev,"the new IOS software has completely screwed my phone up - slow, crashes, calls don't get recognised...","We'd like to look into this with you. Did you already complete the update that was just released, iOS 11.1?",Wed Nov 01 17:42:56 +0000 2017
52304,52306,I’ve forwarded it to the phishing email account that you guys have.,Thank you! We appreciate the submitted information.,Wed Nov 01 18:56:29 +0000 2017
52305,matched_prev,I’m guessing this isn’t from you,This appears to be a phishing attempt. This article explains how to identify and report them: https://t.co/LNMCdqt6fD,Wed Nov 01 17:49:58 +0000 2017
52310,matched_prev,Yung wassup with the letter “I”???,We're happy to assist. Which iOS version are you currently running? Go to Settings > General > About for the version.,Wed Nov 01 17:56:53 +0000 2017
52313,52315,Yes I did. Didn’t help.,Let's take a look at this further. Reach out to us in DM. https://t.co/GDrqU22YpT,Wed Nov 01 18:45:00 +0000 2017
52318,52320,Started last night after the update!,"Alright, go ahead and send us a DM. Please include which country you're located in. Thanks! https://t.co/GDrqU22YpT",Wed Nov 01 19:06:01 +0000 2017
52319,matched_prev,every time “eye” type “eye” it’s turns to I... HELP!,We'll be happy to assist. When did this start to happen? Are you running iOS 11.1 yet?,Wed Nov 01 17:53:05 +0000 2017
52326,52327,You guys have already messaged me in a DM about this and had me do this. It didn’t work. Literally 3 times you’ve recommended this.,"It's important to have the latest software installed. If you'd like to continue together, please DM us & we'll pick back up there. https://t.co/GDrqU22YpT",Wed Nov 01 19:32:00 +0000 2017
52328,52329,I have the latest software.,The latest iOS version that's out is iOS 11.1. We'll be more than happy to assist you further with this issue. Please DM us. https://t.co/GDrqU22YpT,Wed Nov 01 20:13:00 +0000 2017
52959,matched_prev,"With the new update, turning on wi-fi disables data and we have to manually go through settings and turn it back on ! :( Help",We'd like to learn more about this situation. Send us a DM with all the details you can provide. https://t.co/GDrqU22YpT,Wed Nov 01 18:10:43 +0000 2017
52964,52965,"Okay, so you’ve tricked me into upgrading which did absolutely nothing for the problem (which you probably knew going in) so now what?",Thanks for trying that step! Join us in DM with the country that you're located in. We can continue there. https://t.co/GDrqU22YpT,Wed Nov 01 23:53:00 +0000 2017
52962,matched_prev,", hey guys. Think I’m having a problem with my keyboard and can’t find a fix. Anytime I type “I” like this, I get this auto https://t.co/0Rv2QkJQ53",We know keyboard funtionality is important and want to help. Which iOS version is installed?,Wed Nov 01 18:22:38 +0000 2017
52967,52969,"Already tried earlier,but it is same.","Alright, go ahead and send us a DM and we'll look into this further with you. https://t.co/GDrqU22YpT",Thu Nov 02 13:25:30 +0000 2017
52968,matched_prev,aftr iOS update I get blnk scrn evry time I get calls simultaneously. https://t.co/sTilaZntwt,Thanks for reaching out. Let us know if this helps: https://t.co/OWRDHWSt4h,Wed Nov 01 18:19:18 +0000 2017
52973,matched_prev,Nah someone explain this shit rn!?!? https://t.co/flBk1amZPz,We're happy to assist. Which iOS version are you currently running? Go to Settings > General > About for the version.,Wed Nov 01 18:10:52 +0000 2017
52975,matched_prev,Ayo - since updating to iOS11 my 7+ almost always dies around the 17/18% battery mark. Any solutions?,We'd like to take a closer look at your battery issues. DM us and we'll get started. https://t.co/GDrqU22YpT,Wed Nov 01 18:15:11 +0000 2017
52978,matched_prev,can you guys help my guy,Thanks for reaching out to Apple Support. What can we help you with today?,Wed Nov 01 18:11:17 +0000 2017
52983,matched_prev,Anybody else experiencing the bug where the letter I turning into a weird set of glyphs? #Igate,That's not the experience we want you have with iOS 11. Follow us to DM and we'll get started. https://t.co/GDrqU22YpT,Wed Nov 01 18:10:57 +0000 2017
52986,matched_prev,excuse me https://t.co/Ci41SFmxWy,Join us in DM and let us know which country you are located in. https://t.co/GDrqU22YpT,Wed Nov 01 18:19:10 +0000 2017
52988,matched_prev,The letter eye,Thanks for reaching out. DM which specific iOS version you are suing at this time so we can help. https://t.co/GDrqU22YpT,Wed Nov 01 18:13:45 +0000 2017
52995,matched_prev,"Updated my phone and now it’s 10,000X’s slower. 😡😡😡",That's not the type of experience that we'd like for you to have. Meet us in DM. Click here: https://t.co/GDrqU22YpT,Wed Nov 01 18:06:08 +0000 2017
52997,52999,The keyboard won’t let me type the letter I every time I try I get these stupid little question marks instead,We would like to look deeper into this with you. Let us know in DM if you have predictive text enabled. https://t.co/GDrqU22YpT,Wed Nov 01 19:09:00 +0000 2017
53005,matched_prev,"it happens on the center control and on the dock, no particularity with any app, happens with native and downloaded apps :(",Thanks for reaching out. We're here to help. DM us so we can look into this further with you. https://t.co/GDrqU22YpT,Wed Nov 01 18:08:25 +0000 2017
53008,53010,It will play but can’t be controlled from locked screen or earphones. Only works half the time,"Does this occur with all apps or specific ones? Feel free to let us know via DM, as well as your exact iOS version: https://t.co/GDrqU22YpT",Wed Nov 01 18:59:00 +0000 2017
53009,matched_prev,"How come since the iOS update, my iPhone doesn’t recognize that I have music playing?",We'd like to help. Does the music not play as expected or are you unable to view the details from the Control Center?,Wed Nov 01 18:05:31 +0000 2017
53490,matched_prev,"Hey, I've discovered lots of incorrect versions of songs (single songs within whole otherwise correct albums) in Apple Music. There should probably be a way to flag instances of this for review. Kind of annoying. Thanks!","We'd like to find out more about what you're experiencing in Apple Music. Let's meet up via DM to continue chatting. When you reach out, let us know what type of device you're using, along with whether this is happening with multiple albums or just a specific one. https://t.co/GDrqU22YpT",Wed Nov 22 23:23:01 +0000 2017
53538,matched_prev,"Major security breach on iCloud evident - any issues reported? Sign-in and got other people’s information, books, music etc etc",We'd like to look into this with you. Let's continue in DM. https://t.co/GDrqU22YpT,Wed Nov 01 18:37:40 +0000 2017
53540,53542,"Watch 4.1, Iphone 11.1..I restarted and re-enabled/disabled notifications via watch app.",Let's next unpair and then pair them again. This article has the steps: https://t.co/UCuy0qGg07,Wed Nov 01 19:59:00 +0000 2017
53543,53544,Seems to be working for Now after repairing,Great. Thanks for giving that a try. Let us know if you need anything else.,Wed Nov 01 22:19:00 +0000 2017
53541,matched_prev,Updated my Apple Watch this morning and now I'm not getting any notifications besides incoming calls. Halp...,Let's check into this. Have both devices been restarted? Which OS version is each device running?,Wed Nov 01 18:34:51 +0000 2017
53546,53548,Like 2 times... i cant record u know. But look this lag😪🤯,We are here for you. Let's take a look at this further for you. Reach out to us in DM. https://t.co/GDrqU22YpT,Wed Nov 01 19:26:00 +0000 2017
53553,matched_prev,I did. It took multiple attempts to finally get it to the restore/reset option. I wiped it Bc my last backup had the passcode on already.Thx,You're welcome. Let us know if we can help in the future.,Wed Nov 01 18:28:47 +0000 2017
53555,matched_prev,Yeah I can’t wipe it without entering the restrictions passcode. Have tried.,"We would like to make sure that you have followed all of the steps listed in the article, correct?",Tue Oct 31 15:32:52 +0000 2017
53557,matched_prev,hey what happens when I forget my restrictions passcode? turned on when my kid had it & have no clue what it is. Wont reset.,Thanks for reaching out to us. Here is a helpful resource: https://t.co/eiyAtwvrU1 Let us know if you have questions.,Mon Oct 30 23:28:47 +0000 2017
53563,matched_prev,I know me too! It’s so annoying fix this problem! 😒😒😒,"We're happy to do everything we can to help. To start, DM us with the country where you're located. https://t.co/GDrqU22YpT",Wed Nov 01 18:30:26 +0000 2017
53569,matched_prev,wouldn't it be a crazy thing if your phones didn't periodically erase all the contacts on it? Crazy. I know,We understand how important contacts are. Are they being synced from a specific account? DM us here: https://t.co/GDrqU22YpT,Wed Nov 01 18:36:13 +0000 2017
53571,53573,The newest update,Got it. Let's move to DM and check a few other things together. Tap here to continue: https://t.co/GDrqU22YpT,Wed Nov 01 21:11:00 +0000 2017
53577,53579,United Kingdom,Great! You can purchase AppleCare+ on your iPhone within the first 60 days. Here’s how: https://t.co/Q0L2pPnaVE Questions? DM us. https://t.co/GDrqU22YpT,Wed Nov 01 19:48:00 +0000 2017
53578,matched_prev,can I buy Apple care if I got my iPhone from EE and asking as it’s within the time limit to buy?,"You've come to the right place! So we can provide you with the information for your region, please verify the country you're in.",Wed Nov 01 18:27:10 +0000 2017
53581,53583,This is the result. What to do? :/ https://t.co/af4n6MIvY1,"In that case, please contact us using this link further assistance: https://t.co/UJm15vmMM2",Wed Nov 01 19:53:32 +0000 2017
53586,matched_prev,What is wrong with my I and my “it” turns into I.T ......what are y’all doing with these phones?,"We’d love to help. To start, please send us a DM letting us know your iPhone model? https://t.co/GDrqU22YpT",Wed Nov 01 18:33:15 +0000 2017
53588,matched_prev,"Also, why do my AirPods suddenly stop playing music after being connected for awhile?","We'd love to help. Has the device been restarted? If not, let's do that using these steps: https://t.co/OWRDHWSt4h",Wed Nov 01 18:32:03 +0000 2017
53590,matched_prev,can you please explain to me why this is a thing??? NO ONE WOULD EVER SAY THIS OR USE IT https://t.co/XdqG0WHvhg,That should not be happening. Let us help. Tell us more about this in DM. https://t.co/GDrqU22YpT,Wed Nov 01 18:35:49 +0000 2017
53593,53595,Thanks so much but I think it’s not suitable for my case. I’m trying to know if I could use an iCloud email alias as my Apple ID (1 of 2),"You can’t use an alias to sign in to https://t.co/tmRhWEkIq4, and you can’t use an alias to create a separate Apple ID.",Wed Nov 01 22:57:32 +0000 2017
53596,53597,"And if I delete the alias and create a new Apple ID, could I bring all of my devices and purchases to the new one?",. Please DM us so that we can continue to look into this together. https://t.co/GDrqU22YpT,Thu Nov 02 02:01:32 +0000 2017
53594,matched_prev,"Hi, Could I change my Apple ID (from iTools time) to a new one with my surname which I already use for mail purposes? Thanks",Thanks for reaching out to us. Try the steps in this article for your Apple ID change: https://t.co/xuZEqdPMFW,Wed Nov 01 18:30:15 +0000 2017
53602,53603,"Also, remove the sim and put it back again. But I'm having this issue without updating the OS.",Let us help you with this. Join us in DM so we can better assist you: https://t.co/GDrqU22YpT,Thu Nov 02 12:21:01 +0000 2017
53606,matched_prev,why do I keep seeing these question mark boxes when I’ve updated,We'd like to help. Could you Direct Message us so we can get more information?,Wed Nov 01 18:31:10 +0000 2017
53612,matched_prev,how can I change my third-party email to my Apple email? I read that it’s now possible… Can you please help?,We're happy to help with this. Here are instructions: https://t.co/xuZEqdPMFW Let us know if you have any questions.,Wed Nov 01 18:25:59 +0000 2017
53614,53616,"Sorry, the problem is in 11.1, not 11.0.","Thanks for clarifying! Meet us in DM with the country you're in, and we'll go over your support options there. https://t.co/GDrqU22YpT",Wed Nov 01 22:48:00 +0000 2017
53615,matched_prev,. iOS 11.0 update does not allow responses after user clicks through to iMessage from notifications. #QC,We just released iOS 11.1 yesterday. Let's have you back up and update your iOS: https://t.co/80YRnjDFDk Let us know how that goes,Wed Nov 01 18:08:15 +0000 2017
54441,matched_prev,Yes. Looking for ways to minimize ipad data use while tethered through iPhone on cellular.,"Turning off Background App Refresh is a great step, as well as turning off Automatic Updates under Settings > iTunes & App Store.",Wed Nov 01 18:53:10 +0000 2017
54443,matched_prev,If I tether my iPad to my iPhone is there a way to minimize data txfr? Would turning off background app refresh make a diff?,"We can work toward a solution together. First we'd like to clarify your question. Do you mean, minimize data used by the iPad?",Tue Oct 31 20:46:22 +0000 2017
54445,matched_prev,why is my whole phone messed up after 3 back to back updates ? Why do I have question marks In replace of an emoji ?,We're happy to assist. Which iOS 11 version are you currently running? Go to Settings > General > About for the version.,Wed Nov 01 18:47:02 +0000 2017
54447,matched_prev,fix the fucking letter “I” please!!!!!,We're here to help. Tell us what exact issue your are having and we can look into it together. https://t.co/GDrqU22YpT,Wed Nov 01 18:40:31 +0000 2017
54449,matched_prev,why is photo booth freezing on high serria,We're here to help. Let's take this to DM so we can better assist you. https://t.co/GDrqU22YpT,Wed Nov 01 18:43:21 +0000 2017
54453,matched_prev,Sure I‘ve done all of that. Meanwhile it fixed itself,"We're happy to hear that. If you have any other issues with this, just let us know.",Wed Nov 01 18:46:53 +0000 2017
54458,matched_prev,"last month I exceeded my move goal for a month. I should have gotten the 10/2017 badge, yet I didn’t.","Let's look into this together. Send us a DM with more information, and we'll continue from there. https://t.co/GDrqU22YpT",Wed Nov 01 18:44:19 +0000 2017
54461,matched_prev,why is that happening to my capital letter i?,Let’s help with this. Which iOS version is showing for you in Settings > General > About?,Wed Nov 01 18:46:21 +0000 2017
54467,matched_prev,Also it said I need to sign in on that page it sends me to and I have until November 2 to cancel it. Does that make sense?,"We want to help you. DM us, and we'll look into this deeper. https://t.co/GDrqU22YpT",Wed Nov 01 18:36:59 +0000 2017
54470,matched_prev,"I broke my screen in my iPhone 8, I called to ask where I can fix in Mexico City but they don’t have a screen! How is posible",We'd like to help. Have you tried other locations? You can find the places closest to you with this link: https://t.co/FRIRA3cwGI,Wed Nov 01 18:41:55 +0000 2017
54474,matched_prev,This stupid update makes my phone die quicker 😑 you guys are playing us! Smfh,Let's check it out. How long does the battery last from a full charge? Does iOS 11.1 show in Settings > General > About?,Wed Nov 01 18:42:31 +0000 2017
54479,matched_prev,"iOS 11 may be the worst phone update in history. Freezing, not loading, battery draining 50% in less than hour. Awful.","We want to work with to resolve these issue. To get us started, may we have the exact iOS version that's on the iPhone?",Wed Nov 01 18:42:04 +0000 2017
54483,matched_prev,u too https://t.co/AubRbVtD4f,"We are here for you, What apps are you having issues with?",Wed Nov 01 18:39:30 +0000 2017
54583,matched_prev,I need your help! I want to play animal crossing but the app immediately crashes when I open it,"We want to make sure you are able to play the games you'd like. In order to assist you, we need some information from you. What kind of device are you using? What version of the software is installed? Meet us with this information, here: https://t.co/GDrqU22YpT",Wed Nov 22 23:47:59 +0000 2017
55073,55075,Yes! Lately my battery life lasts way less than it used to do before downloading iOS 11.,"Got it. DM us, and we'll look into this deeper. https://t.co/GDrqU22YpT",Wed Nov 01 20:07:01 +0000 2017
55074,matched_prev,is there any way I can check the overall battery health of my 7+?,We'd be happy to assist with any battery related issues you might be experiencing. What's going on?,Wed Nov 01 19:01:16 +0000 2017
55080,matched_prev,"Alright this new iPhone update is dog shit, do everyone a solid and fix it",We're happy to help. Can you tell us what you're experiencing with the new update? Let us know to continue.,Wed Nov 01 19:05:15 +0000 2017
55082,55085,It’s says it’s “indexing” and won’t play my music,Thanks for that info. Restart the iPhone and then DM us if that issue persists. https://t.co/GDrqU22YpT,Wed Nov 01 20:22:39 +0000 2017
55086,55087,"I shut my phone off for 15 minutes and when I turned it back on, it worked. Ty",You're welcome. We're glad to hear all is well! Please feel free to reach out if we can be of any further assistance.,Wed Nov 01 21:23:57 +0000 2017
55089,matched_prev,"For now it seems to be fine, https://t.co/pPOdLUQlLi is re-downloading all my tunes. Thanks for the support!",You're very welcome! Let us know if you have any other questions; we'd be happy to help. Have a great day!,Wed Nov 01 19:03:35 +0000 2017
55091,matched_prev,"Hmm, it’s back. Halloween prank? The only downside is that I need to download every album/playlist manually. Is there a faster way?","Currently, that is the only way to download music. Please send us a DM if you are unable to download your music back. https://t.co/GDrqU22YpT",Wed Nov 01 17:57:57 +0000 2017
55093,matched_prev,"And all of a sudden, for no reason, 80GB of music got wiped. WTF, ? 🤨 › https://t.co/1tJaHSlrBj","We know how important your music is, and we'd like to look into what happened to your songs. To start, send us a DM. https://t.co/GDrqU22YpT",Wed Nov 01 16:53:07 +0000 2017
55095,matched_prev,It keeps correcting my I’s to this smh https://t.co/O4RhQIB3Th,"We want to help. In DM, please let us know which iOS version you're using. https://t.co/GDrqU22YpT",Wed Nov 01 18:53:55 +0000 2017
55097,matched_prev,What does this mean? Trying to sign in to Apple Music. Help :/ https://t.co/Wo9VRpEF2F,Let's see what's going on. Send us a DM and let us know how you got to this screen.,Wed Nov 01 19:02:58 +0000 2017
55103,matched_prev,"should I update my iPhone to 11.1 cause if I do my battery better last the whole day. My job depends on it, please advise",We advise always to keep your device updated for the best expereince.,Wed Nov 01 19:01:36 +0000 2017
55110,matched_prev,why is my phone acting up saying im out of storage? How do I go from 60gb then delete Spotify(3gb) and end up with 59gb,"Let's work on this together. When you get the message about storage, is it referring to your iCloud Storage?",Wed Nov 01 18:57:08 +0000 2017
55112,matched_prev,😒🙄😒🙄 Damn near deleted all of my apps to get an update ... got the update and now all I’m left with are question marks 😐 https://t.co/U9zaw0n5wK,Thanks for reaching out. We're here to help. DM us so we can look into this further with you. https://t.co/GDrqU22YpT,Wed Nov 01 18:50:02 +0000 2017
55114,matched_prev,If your reps are going to be calling from international numbers you better be ready tonpay those international tolls,We'd like to see how we can help with this. Please connect with us in DM and we'll get started: https://t.co/GDrqU22YpT,Wed Nov 01 18:56:22 +0000 2017
55118,55120,I certainly can’t fit all the bugs into 140 characters. I’ll need to email it. I’m hoping your team is already working on it. Not the same.,Feel free to message us in DM with more details. https://t.co/GDrqU22YpT,Wed Nov 01 22:37:48 +0000 2017
55121,55122,can your team figure out the I issue. Or will l continue to have to use lower case l’s for them for a while? Let’s start here,Here’s what you can do to work around the issue until it’s fixed in a future software update: https://t.co/xXaXeeSRt9,Tue Nov 07 19:39:01 +0000 2017
55124,matched_prev,"Huge down performance on my 6 month old iphone7 with the news ios11, got plenty of issues.",We'll be happy to look into this with you. DM us and we'll get started. https://t.co/GDrqU22YpT,Wed Nov 01 10:47:16 +0000 2017
55126,matched_prev,what is going on with the questions marks when I type?,We can help. DM and tell us what version of iOS you see under Settings > General > About > Version. https://t.co/GDrqU22YpT,Wed Nov 01 18:47:31 +0000 2017
55128,matched_prev,SOMEBODY IN DAMN CUPERTINO NEEDS TO FIX THIS DAMN “I” GLITCH! SOME DAMN BODY! FED UP!!!!!! 😡😑 https://t.co/QlUMUVzxcG,We're here to help. Let's take this to DM so we can better assist you. https://t.co/GDrqU22YpT,Wed Nov 01 18:55:04 +0000 2017
55130,matched_prev,hi I've got a time slot to collect my new phone on Friday in London if I'm late am I still able to collect it,We're here for you. Your question will be best answered by our sales support team. Reach them here: https://t.co/8yjRd1Xo0i,Wed Nov 01 18:58:12 +0000 2017
55134,matched_prev,What is this I shit? it’s keeps switching to A ?,We'd like to look into this with you. Please DM us your current country and iOS version. https://t.co/GDrqU22YpT,Wed Nov 01 18:52:55 +0000 2017
55921,matched_prev,"This , I used to have the iPhone 6s so I want to know why it’s like this now , should I change something? https://t.co/MVGeC42yjz",We see what the original photo looks like there. Was the second photo a paper print of the image? DM us and let us know. https://t.co/GDrqU22YpT,Thu Nov 23 00:21:40 +0000 2017
55924,matched_prev,"hi, i want to know why iPhone 8 pictures look darker than when I take them , should I change something ?",We’d like to figure out why this is happening too. Are you using the iPhone 8 or 8 Plus? What picture mode are you usually using when this happens?,Wed Nov 22 22:31:59 +0000 2017
55935,matched_prev,Hey any update on fixing this I bug ? We out here looking crazy .,We're happy to assist. Which iOS version are you currently running? Go to Settings > General > About for the version.,Wed Nov 01 19:07:52 +0000 2017
55939,55943,"I’m now on my second I watch, and have tried the reset&restart my phone and I watch etc and still not solved any problems",We want your Apple Watch to work properly. Have you also tried uninstalling and reinstalling these apps: https://t.co/ikTYqoYXpm,Wed Nov 01 20:20:00 +0000 2017
55944,55945,Hi there! I have Instagram working now but Barclays still doesn’t...any suggestions?,Have you removed and reinstalled the Barclay's app?,Fri Nov 03 00:50:29 +0000 2017
55946,55947,"Hi there, yes I have tried but still does this loading sign","Do you also have this app running on your iPhone? If yes, try quitting it and reinstalling it there as well.",Fri Nov 03 18:53:29 +0000 2017
55942,matched_prev,"on my second I watch in a space of 4 days, apps won’t work, is there an issue with the update?! Really not impressed...",We're delighted to help. What's going on with your apps? Are they unable to open? Let us know a little more about the situation.,Wed Nov 01 19:12:48 +0000 2017
55956,matched_prev,yet another head phone adapter isn’t working,"We'd be happy to look into this issue with you. Send us a DM, and we'll continue there. https://t.co/GDrqU22YpT",Wed Nov 01 19:14:06 +0000 2017
55958,matched_prev,So is everybody shit looking like this or just mine ? https://t.co/tyaGgR5vY1,Thanks for reaching out. DM which iPhone and specific iOS version you are using to get started. https://t.co/GDrqU22YpT,Wed Nov 01 19:13:58 +0000 2017
55962,matched_prev,i want put my apps down there. That’s not possible. It’s easier to reach rather than go to the top. https://t.co/Wsp6vBFlJm,Try using Reachability. Lightly double-tap the Home button. This brings items at the top of the screen down to the lower half.,Wed Nov 01 19:12:44 +0000 2017
55964,matched_prev,- in zoomed view the text/edges/graphics aren’t as smooth as they were in older versions #iOSBugs ?? #Apple #iphone 6s iOS11.1 https://t.co/pkwBLe4JiL,We’d like to take look at that with you. Please send us a DM so we can assist. https://t.co/GDrqU22YpT,Wed Nov 01 19:05:17 +0000 2017
55966,55968,This is from the new software update - all users are missing this feature.,"To clarify, are you referring to being able to tap the Share button in Photos and sending a message? Let us know in DM. https://t.co/GDrqU22YpT",Wed Nov 01 20:20:27 +0000 2017
55967,matched_prev,Will you please put the texting from the photo app option back? It is super annoying having to get out of photos to txt a pic.,We'd be happy to look into this with you. Please reach out to us via DM and we'll get started. https://t.co/GDrqU22YpT,Wed Nov 01 19:04:03 +0000 2017
55970,55972,11.1 which has been causing many glitches on my phone between apps/internet connection & keyboard,Thanks for that info. Reach out to us in DM and we will happily help to look into this further. https://t.co/GDrqU22YpT,Wed Nov 01 20:15:00 +0000 2017
56946,matched_prev,Will there be a new update for ipod 5... This software is so old.. https://t.co/M1dGWO6L34,9.3.5 is the highest the iPod 5 can update to.,Wed Nov 01 19:27:14 +0000 2017
56954,matched_prev,what’s up with the question mark? https://t.co/7NCCWo9Z89,Which version of iOS do you have installed on your device? Look at Settings > General > About. We'd be happy to help.,Wed Nov 01 19:21:28 +0000 2017
56957,matched_prev,"I’m trying to download WatchOS 4.1, but it’s frozen on “Estimating time remaining”. nothing’s happening. what do I do?","Thanks for reaching out! Take a look at the steps here under ""If you need help updating"": https://t.co/s6t9pl6tpv",Wed Nov 01 19:17:15 +0000 2017
56964,matched_prev,‼️ STOP TURNING ON MY WI-FI ‼️,"We're glad to help! Please let us know exactly what's going on, and if this addresses your issue: https://t.co/G7BHuQnDS6",Wed Nov 01 19:25:47 +0000 2017
56967,matched_prev,lemme know if you need help finding/fixing this ‘I’ bug. https://t.co/Qw4zuinjq5,Let's partner up and get to the bottom of this. Can you DM us the device and exact version of iOS running? https://t.co/GDrqU22YpT,Wed Nov 01 19:19:27 +0000 2017
56969,matched_prev,"Iphone 6, ios 11.1, bateria igual, dira muy poco",We offer support via Twitter in English. Get help in Spanish here: https://t.co/IBIY3vMgPj or join https://t.co/OczyRx7IOs,Wed Nov 01 19:19:56 +0000 2017
56981,56983,That’s still more steps than before. You can’t tap on “Done” until after you open the picture up from the bottom left of the screen either 👎,We always appreciate hearing feedback from our customers. Feel free to submit your comments here: https://t.co/eTPVYVFyd8,Wed Nov 01 23:19:28 +0000 2017
56982,matched_prev,"I don’t like the screen shot update. When I do a screen shot I simply want it saved to my phone, not all this extra editing. 👎","We'd like to help. You can tap on ""Done"" to immediately save a screenshot without edits: https://t.co/rv9TRgCtbC",Wed Nov 01 19:18:16 +0000 2017
56985,matched_prev,"how do I get my keyboard to STOP auto correcting the letter ""I"" to a symbol. See attached photo. https://t.co/SpXE0xFHvi",We want to look into this with you. DM us and we'll continue there. https://t.co/GDrqU22YpT,Wed Nov 01 19:23:12 +0000 2017
56989,matched_prev,it has been one hour and didn’t start? What’s the problem https://t.co/rwvwfsSH7m,We're here to help. Let's take this to DM so we can better assist you. https://t.co/GDrqU22YpT,Wed Nov 01 19:19:54 +0000 2017
56996,56998,Yes full service on both,Thanks for letting us know. DM us your exact iOS version. We’ll continue working with you there. https://t.co/GDrqU22YpT,Wed Nov 01 20:34:00 +0000 2017
56997,matched_prev,Fix your server smh always a prob with iOS 11 🗑 https://t.co/6iY8oemwTg,Let's look into this together. Is this happening on Wi-Fi and cellular?,Wed Nov 01 19:19:52 +0000 2017
57482,matched_prev,can y’all fix the keyboard or what why?,What's going on with the keyboard? Please send us a DM so we can help you find a resolution. https://t.co/GDrqU22YpT,Wed Nov 01 19:33:55 +0000 2017
57486,matched_prev,how come my iPhone still says preparing for shipment even though it’s already been shipped?,Get in touch with our Apple Online Store team for further assistance. Reach out to them here: https://t.co/RmFSlCBcIE,Wed Nov 01 19:28:31 +0000 2017
57490,matched_prev,why won’t my safari tabs sync to iPad,We've received your DM. Be on the lookout for our response there shortly.,Wed Nov 01 19:31:10 +0000 2017
57496,57498,Works fine with WiFi which is why I tagged Verizon too.,Understood. Please move to DM with us and we'll check a few things out on our side. https://t.co/GDrqU22YpT,Wed Nov 01 20:46:05 +0000 2017
57497,matched_prev,Apple App Store unreachable over Verizon LTE in NE Oklahoma City right now.,We're happy to help. Do you get the same error when trying to access our App Store using a Wi-Fi network?,Wed Nov 01 19:29:03 +0000 2017
57500,57503,"7 Plus, iOS 11",Thanks for that information. DM us the exact iOS version the iPhone is running. We'll meet you there. https://t.co/GDrqU22YpT,Wed Nov 01 20:43:00 +0000 2017
57501,57504,Same with the 6s. All prior to 11.1. There's always a ? with a box around it within autocomplete. Sometimes it sends the ? sometimes not. https://t.co/6wUrSODh3L,"We'd be happy to look into this issue with you. Send us a DM, and we'll continue there. https://t.co/GDrqU22YpT",Wed Nov 01 23:19:00 +0000 2017
57517,57518,Restored and all up to date,Does this happen immediately after you power on your device or when you open a particular app or feature?,Wed Nov 01 21:45:31 +0000 2017
57519,57520,And then it actually locks with a blank screen,Thanks! Go ahead and reach out to us in DM and let us know exactly what steps you took to restore the iPhone. https://t.co/GDrqU22YpT,Wed Nov 01 23:21:26 +0000 2017
57515,matched_prev,Apps constantly freezing on my 8 Plus today.... anyone else?????,Let's help to get this resolved! Which iOS version do you have installed on your iPhone currently?,Wed Nov 01 19:16:16 +0000 2017
58162,matched_prev,hi I need your help on restoring my purchase,We'll be happy to help! What type of purchases are you looking to restore – in-app or iTunes & App Store purchases?,Wed Nov 01 19:40:07 +0000 2017
58164,matched_prev,"Dear if y’all don’t fix my phone from doing this crazy stuff I need a new one. Sincerely , a fed up Apple customer.",Let’s see what’s going on. Let us know in DM when this started happening. https://t.co/GDrqU22YpT,Wed Nov 01 19:47:50 +0000 2017
58170,matched_prev,Más de una hora esperando después de la última actualización 🤦🏽‍♂️ https://t.co/T9MBsrnVUe,We offer support via Twitter in English. Get help in Spanish here: https://t.co/IBIY3vMgPj or join https://t.co/OczyRx7IOs,Wed Nov 01 19:47:30 +0000 2017
58172,matched_prev,App store now appears to be working,We're glad to hear everything is back to normal. Please reach out to us if there is ever anything else.,Wed Nov 01 20:16:04 +0000 2017
58176,58178,I couldn’t access App Store neither iPhone nor Mac. But everything restored few mins ago. Thank you.,"We're happy to hear that. If anything comes up in the future, we're here to help.",Wed Nov 01 21:12:39 +0000 2017
58177,matched_prev,Is App Store down?,Everything shows green here: https://t.co/7NVrDovSd8 Are you having an issue with the App Store?,Wed Nov 01 19:48:31 +0000 2017
58182,matched_prev,Yo I I I I I I I I,"We're here to help. Send us a DM with your iOS version, and we'll continue there. https://t.co/GDrqU22YpT",Wed Nov 01 19:45:13 +0000 2017
58185,matched_prev,why is the app store not working smh,"Great question, let's look into this together. To begin, what country are you located in?",Wed Nov 01 19:31:51 +0000 2017
58188,58190,Yes I restarted it and still having the same problem.,Have you tried both cell data and Wi-Fi with the App Store?,Wed Nov 01 21:07:06 +0000 2017
58191,58192,The App Store randomly restarted working. No idea how and why. Thanks anyways.,You're welcome. Feel free to reach out to us if you have any further questions. Have a wonderful day!,Wed Nov 01 21:53:00 +0000 2017
58189,matched_prev,Can’t connect to the App Store with #iOS 11.1 on the #iPhone 7. Anybody with the same problem? https://t.co/QXtZcYkMT3,"We can help. Has the device been restarted yet? If not, let's do that using these steps: https://t.co/OWRDHWSt4h",Wed Nov 01 19:36:47 +0000 2017
58269,matched_prev,"My library works fine on the iPhone 7 I use for work, and on my Macbook. I was missing a playlist on my 7+ so I turned the library off and then back on hoping it would re-sync, but now can’t seem to access it at all on the 7+.","Thanks for those details. Let's try this. It looks like Personal Hotspot and Low Power mode are both on. Try turning off both of these features, restarting and turning on the iCloud Music Library again. Let us know with a DM if that does the trick. https://t.co/GDrqU22YpT",Thu Nov 23 01:35:17 +0000 2017
58272,matched_prev,I’m having trouble setting up my iCloud Music Library on my iPhone 7+. It’s been saying “temporarily unavailable” all day. Can you help?,We've got you. Is this still happening after restarting and trying with different Wi-Fi networks? Let's also get your iOS version. That'll help us get started.,Thu Nov 23 01:21:04 +0000 2017
58274,matched_prev,"Hey, I just updated my Late 2012 Mac Mini to High Sierra and now my second monitor doesn't work (only a black screen that will show my cursor) need help fixing this ASAP! Thanks in advance.",We're here to help. We know how convenient it is to have a second monitor. Have you done any steps to try to resolve this issue? Go ahead and DM us and let us know what type of cable you are using to connect both monitors. https://t.co/GDrqU22YpT,Thu Nov 23 01:34:30 +0000 2017
58798,matched_prev,I order my phone at 3:01 27th get a confirmation from Best Buy I’m getting my phone on 11/3 now they said that’s not true!,We know you must be eager to receive your order. We'd suggest contacting BestBuy directly for help with tracking this order.,Wed Nov 01 20:00:44 +0000 2017
58801,matched_prev,I hope this new update fixes the fact that when I type “i” it comes up as a damn question mark!,Let's see how we can help. What is the current iOS version you see when navigating to Settings > General > About?,Wed Nov 01 20:04:50 +0000 2017
58804,58806,"I’m getting this I to A? thing too, running 11.1",We'd like to offer you some guidance. Send us a DM to discuss this issue further. https://t.co/GDrqU22YpT,Thu Nov 02 22:37:35 +0000 2017
58808,matched_prev,"This. Is. Not. Normal. (Been like this since 11.0. On 11.1 now.) Known issue? iPhone 7, BTW. https://t.co/U50CWLIh9d",Thanks for reaching out to us about your battery. Does this also occur when you're not on VPN? Please DM us. https://t.co/GDrqU22YpT,Wed Nov 01 19:37:30 +0000 2017
58810,58812,"iPhone 7 jet black, max storage",What version of iOS are you currently using? Let us know in DM. https://t.co/GDrqU22YpT,Wed Nov 01 21:38:00 +0000 2017
58811,matched_prev,"Haha so am I, I even reset my keyboard and my phone... help","We can definitely partner with you to get this resolved. To begin, tell us which device you’re noticing this on.",Wed Nov 01 19:56:14 +0000 2017
58821,58822,I’m all up to date and my I’s are still turning into random characters. What’s up?,"Thanks for following up with us. We have a workaround for this: https://t.co/xXaXeeSRt9 If you’re still having issues, DM us: https://t.co/GDrqU22YpT",Sun Nov 05 19:52:25 +0000 2017
58823,58824,"DM'ing, now!",Hello there. We've received your DM. Please watch for our response shortly.,Sun Nov 05 22:45:27 +0000 2017
58826,matched_prev,why can’t I say I when I text.,We've received your DM as well. We're on our way there to begin assisting. Please await our response. https://t.co/GDrqU22YpT,Wed Nov 01 19:38:20 +0000 2017
58829,matched_prev,yes. i have finished the recovery process but i can't access either of the devices i was logged into beforehand to get the verification code,Please reach out to us via DM and we can go from there. https://t.co/GDrqU22YpT,Wed Nov 01 19:59:58 +0000 2017
58835,matched_prev,ANSWER MEEEEE IM FED UP LOL,Thanks for tagging us so we can see the issue you are having. We'd love to help! Which device and iOS version are you using?,Wed Nov 01 19:51:30 +0000 2017
58842,matched_prev,Still no shipping confirmation from on my phone yet 🤔😒,We'd like to help any way we can over Twitter. Please DM us the country you're within here: https://t.co/GDrqU22YpT,Wed Nov 01 19:47:32 +0000 2017
58845,matched_prev,most recent iPhone update switches WiFi & Bluetooth on automatically. V.annoying! Is there a way to stop this? #ItAteMyBattery,This may be expected behavior. Check out this support page about how to use Control Center in iOS 11: https://t.co/G7BHuQnDS6,Wed Nov 01 19:54:41 +0000 2017
58847,58849,"4G. In fact, my internet connection was used to create this tweet at the time so I have to assume the network was not the cause.",Please try the steps here and let us know the result: https://t.co/1SrHVMz478,Wed Nov 01 21:21:01 +0000 2017
58851,58852,Network connection ✅ Latest software ✅ AppStore setting ✅ Date and time sync ✅,OK. Let us know in DM if this continues after restarting your iPhone: https://t.co/GDrqU22YpT,Wed Nov 01 22:22:01 +0000 2017
58848,matched_prev,Over the last few days the App Store has struggled to load on a few occasions. iPhone 7. IOS 11.1 https://t.co/VM7p7QYe0n,Thank you for reaching out to us. Are you also experiencing this when you're connected to Wi-Fi?,Wed Nov 01 19:39:28 +0000 2017
58854,58856,it whirrs around slowly. Facebook won't load,iOS 11.1 is now available. Let's update and see if the issue persists. https://t.co/80YRnjDFDk Let us know the results in DM. https://t.co/GDrqU22YpT,Wed Nov 01 22:21:00 +0000 2017
58857,58858,"Uh, hello? You’ve already buggered up my system with one upgrade, so the solution is to further upgrade? WHY was I offered 11.0.3 last week?","When Apple releases an update, it often resolves several issues. Let us know if you're still having issues after updating.",Thu Nov 02 00:10:02 +0000 2017
58855,matched_prev,"Installed iOS 11.0.3 at prompt last Fri. Since then battery life is drained, apps won’t load: and you knew this would happen",We want you to be able to use you apps and rely on the battery. Let's work on this. What happens when you try to load an app?,Wed Nov 01 19:47:27 +0000 2017
59230,matched_prev,"This happened to me once before, and decided to record it when it happened again. MacBook Air 13' Early 2015 https://t.co/fu0kIo2K8t",Thanks for the video. This is very helpful. We want you to be able to use your menu items. Let's see what we can do to get you a resolution. Does restarting your Mac help? What MacOS are you running? Let us know in DM. https://t.co/GDrqU22YpT,Thu Nov 23 01:53:18 +0000 2017
59232,matched_prev,"Hi. I’ve had my iPhone X for less than 3 weeks and it’s been lagging and taking a while to respond to everything, especially typing, ever since I downloaded iOS 11.1.2. Is there anything I can do to fix it?","Thanks for reaching out to us for support. That is certainly not the experience that we want you to have with your iPhone X, and we are going to do everything we can to help you. When you have a free moment, please DM us so that we can look into this together. https://t.co/GDrqU22YpT",Thu Nov 23 01:52:22 +0000 2017
59591,matched_prev,My home button won’t go home but I can still double click to close out apps. HELP,What exactly happens when you single tap the Home button? Let us know in DM; we'd be happy to help! https://t.co/GDrqU22YpT,Wed Nov 01 20:17:39 +0000 2017
59593,59595,Thank you!,You are very welcome.,Wed Nov 01 21:43:31 +0000 2017
59594,matched_prev,Any idea why I didn’t get my October badge? Normally it’s right away. https://t.co/JbExZejOS0,Thanks for reaching out. Awards can take up to 9 days to show up. Here is more information: https://t.co/xwf6lrIgzJ,Wed Nov 01 20:07:09 +0000 2017
59597,matched_prev,What does this mean Has anyone had this come up before ?? #Apple #iphone #ismyphonegoingtoexplode https://t.co/y8A3vM3VW0,We're here to help. Send us a DM and we can look into this for you. https://t.co/GDrqU22YpT,Wed Nov 01 20:11:36 +0000 2017
59599,matched_prev,my mac is stuck on mute.. please help me,We want to help. What type of Mac computer do you have? Have you tried re-starting?,Wed Nov 01 20:13:06 +0000 2017
59601,matched_prev,I think you guys need to fix this ASAP. Everytime I tweet or text I it shows up as the images below. https://t.co/UfzgpelsyD,We'd like to take a closer look into this with you. Send us a DM and we can start there. https://t.co/GDrqU22YpT,Wed Nov 01 20:09:36 +0000 2017
59603,59604,"Yes unresponsive, i have blank screan, need to force close, and open again messages. Thanks","Thanks for those details. To help isolate the issue, can you tell us which version of iOS 11 your device is on?",Wed Nov 01 22:12:58 +0000 2017
9239,matched_prev,Have bug... if send to people that have old ios... LCD freze. Need to close. To go back 😏,"Thanks for reaching out to us. To clarify, when using the Echo effect, does your Messages app become unresponsive?",Wed Nov 01 20:09:11 +0000 2017
59606,matched_prev,"Uhhhh , this you? 🤔 why is it saying my Apple ID will be disabled? https://t.co/onVhJjkYAU","This isn't us, and we'd love to see it. You can forward it to the address in this article: https://t.co/LNMCdqt6fD",Wed Nov 01 20:00:40 +0000 2017
59608,matched_prev,Okay this is day 3 of my phone messing up. Come on,We're happy to help. What issue are you experiencing with your iPhone?,Wed Nov 01 19:59:03 +0000 2017
60288,matched_prev,Hey why is it that every time I use the letter I it looks there’s a box like this “ I “?,Let's look into this keyboard issue for you. Send us a DM with your current iOS version to get started. https://t.co/GDrqU22YpT,Wed Nov 01 20:29:27 +0000 2017
60293,matched_prev,. tenés ganas de devolverme la batería que tenía antes de actualizar mi celular? 👎🏼#LaCagaste #ActualizameEsta,We offer support via Twitter in English. Get help in Spanish here: https://t.co/IBIY3vMgPj or join https://t.co/OczyRx7IOs,Wed Nov 01 20:29:47 +0000 2017
60295,60297,Yes and my friend has the same problem. Even if put in low power mode (where the option to extend timeout time is gone) . Still doesn’t work,Thank you for that information. May we ask which iOS version you're current using?,Wed Nov 01 21:57:29 +0000 2017
60296,matched_prev,my phone screen doesn’t time out and auto lock how it’s supposed to. I’m pretty sure all my settings are right https://t.co/6g9jQOSoOi,Thanks for reaching out. We can definitely look into this with you. Do you have the same results if you change the amount of time?,Wed Nov 01 20:24:25 +0000 2017
60303,matched_prev,need help with Storage issues on my 6s. I’ve deleted pretty much everything and it’s still full with ‘other’ 🤔 https://t.co/eK6rmoRbyS,We can help with this. Send us a DM and let us know the country you're in. https://t.co/GDrqU22YpT,Wed Nov 01 20:20:56 +0000 2017
60305,60307,yes this was when i looked on my music on my phone bc the album won’t go on it even tho i have a lot of space,Thank you for that description. Check out this article regarding managing content on your iPhone: https://t.co/MaEpwkTXRn https://t.co/GDrqU22YpT,Wed Nov 01 21:54:33 +0000 2017
60306,matched_prev,help what does this mean https://t.co/I8uNBcSW7B,"We're here to help. Just to confirm, are you seeing this from your iTunes Library?",Wed Nov 01 20:00:44 +0000 2017
60309,matched_prev,I updated my phone and this shit still not working !,DM the country or region where you are located to continue. https://t.co/GDrqU22YpT,Wed Nov 01 20:23:34 +0000 2017
60311,matched_prev,Working now,Awesome! Let us know if you need help in the future.,Wed Nov 01 20:23:10 +0000 2017
60313,matched_prev,Hey Is the down?,It looks like it is currently available: https://t.co/7NVrDovSd8 Are you having issues accessing it? DM us if so. https://t.co/GDrqU22YpT,Wed Nov 01 19:32:46 +0000 2017
60317,matched_prev,why does my lock screen when playing music freeze and not let me skip or go back or anything?,We can help! Which version of iOS are you currently running? You can check in Settings > General > About > Version,Wed Nov 01 20:19:09 +0000 2017
60320,matched_prev,I updated my iPhone 6s to iOS 11.1 & now my messages are taking forever to send & say delivered in or out of WiFi 🤦🏽‍♀️,Thanks for those details. Restart your iPhone and DM us if the issue continues after that. https://t.co/GDrqU22YpT,Wed Nov 01 20:16:00 +0000 2017
60322,matched_prev,Just updated my phone now my shit tweaking smh,We want your iPhone to work for you. DM us details about what exactly is happening and we'll continue with you there. https://t.co/GDrqU22YpT,Wed Nov 01 19:35:22 +0000 2017
60325,matched_prev,what’s wrong with the letter “I” on fb twitter and group me. Eye have to type eye. Help us,We want to help. Join us in DM. Let us know your iOS version. https://t.co/GDrqU22YpT,Wed Nov 01 20:21:02 +0000 2017
60328,matched_prev,Wassup with the letter i on our keyboards yo,We're here to help. Which iOS version is your device currently running? You can check this under Settings > General > About.,Wed Nov 01 20:13:37 +0000 2017
60331,matched_prev,something is using my MBP webcam right now and I have no idea what. WTF do I do to see what’s using it & turn it off?!,We'd be happy to help. Are there any apps open in your Dock? Apps like PhotoBooth or FaceTime may be causing this.,Wed Nov 01 20:19:06 +0000 2017
60333,60335,I think it’s fixed...thank you,"You’re welcome! If you have any other issues, let us know. We’re available every day from 5 a.m. to 8 p.m. Pacific time.",Wed Nov 01 23:24:56 +0000 2017
60334,matched_prev,this new iOS update doesn’t send whatsapp notifications when my phone is locked. FIX THIS PLEASE,"We'd like to look at this with you. Are you receiving other notifications? If you are, try updating WhatsApp and check again.",Wed Nov 01 19:59:15 +0000 2017
61056,matched_prev,I cannot access any os beyond lion v 10.7.5 that my old macbook 2007 has. My new macbook wont start. So not helpful,Let's take a closer look. Please reach back out to us via DM and we can go from there. https://t.co/GDrqU22YpT,Wed Nov 01 20:42:29 +0000 2017
61058,matched_prev,"need help making a boot USB to reinstall my OS, only have access to a windows pc and an old mac and no cd, any tips",Thanks for reaching out. This article explains how to create a bootable installer for Mac OS: https://t.co/jJIPcFiw2j https://t.co/GDrqU22YpT,Wed Nov 01 19:51:19 +0000 2017
61066,matched_prev,can you tell me why it keeps coming up my storage is nearly full no matter HOW MUCH or WHAT I delete? ☹️,We're here to help. Let's take this to DM so we can better assist you. https://t.co/GDrqU22YpT,Wed Nov 01 20:42:32 +0000 2017
61068,matched_prev,Have to assume this is a bug in the latest iOS update. The letter “I” keeps replacing to A [?]. Is there a fix coming? https://t.co/3hPW4dfgBZ,DM us using the link below. We'll look into this with you from there. https://t.co/GDrqU22YpT,Wed Nov 01 20:33:37 +0000 2017
61073,61075,It still says preparing for shipment :/,"OK, great. Have you checked other email folders? If so, please contact our Sales Support Team here: https://t.co/8yjRd1Xo0i",Wed Nov 01 22:05:00 +0000 2017
61074,matched_prev,no shipping confirmation on my X. Hoping it’s not an issue I should be conflcerned with,Were you able to take a look at your order through the link we previously sent?,Wed Nov 01 20:35:00 +0000 2017
61078,matched_prev,check your DMs!,Thanks for reaching out to us here. Let us know where you are located so we can point you in the right direction.,Wed Nov 01 20:34:49 +0000 2017
61088,matched_prev,i lost all music on apple music and I can’t get it back.,We're happy to look into this with you. DM us the device you're experiencing this on to get started. https://t.co/GDrqU22YpT,Wed Nov 01 20:33:45 +0000 2017
61090,matched_prev,"All my photos keep being removed from my phone, after connecting it to my laptop they all get restored but it keeps happening?",We're here to help. Let's take this to DM so we can better assist you. https://t.co/GDrqU22YpT,Wed Nov 01 20:38:23 +0000 2017
61293,matched_prev,"I've tried to update on my computer it stated that I can't do because of some error, it takes about 2 hours. No matter how times I try I see an error message",We would love to assist you and get your device updated. Join us in DM and we'll look into this issue further: https://t.co/GDrqU22YpT,Sun Nov 26 01:03:46 +0000 2017
61297,matched_prev,my shit not updating,We want to help. What device is having issues updating? What is the currently installed operating system?,Sun Nov 26 00:44:05 +0000 2017
61301,61303,It seems as it’s been fixed now that I’ve updated to iOS 11.1.2,Excellent! Let us know if you need anything further. Have a great rest of your day.,Sun Nov 26 01:31:27 +0000 2017
61304,61305,"And as soon as I say that, it happened again",Can you tell us in what app this is occurring?,Sun Nov 26 01:42:00 +0000 2017
61306,61307,"I’m doing the images on my laptop and transferring them to my phone, this was never an issue before, only started happening today","Just so we understand, you're moving transparent PNGs to your iPhone via AirDrop or iTunes sync, and they're reconverting to something more akin to JPG with no transparency?",Sun Nov 26 01:54:26 +0000 2017
61310,61311,"It’s transparent like I want it, but after a while the background of the image goes white, im trying to use the image to print onto a hoodie but it’s impossible when it has a white background.",We want to help you look into what is going on. Send us a DM and we'll go from there. https://t.co/GDrqU22YpT,Sun Nov 26 02:14:56 +0000 2017
61302,matched_prev,whenever I save an image with a transparent background it doesn’t stay transparent? It makes a white background itself.,We're here for you. What device are you using?,Sun Nov 26 00:36:30 +0000 2017
61313,61315,iOS 11.1.2 on X. Notification issue happens on both Wi-Fi and cellular.,"Perfect, thanks. As you're up to date we'd like some additional details to assist. DM us using the link below and we'll continue. https://t.co/GDrqU22YpT",Sun Nov 26 01:28:00 +0000 2017
61314,matched_prev,My phone is showing me empty lock screen all the time and when I force reboot I’m getting last weeks message notifications and couple hours later same bs all over again! tell me what to do I don’t wanna wait for next update this bug is so irritating 😠,"We'd like some details to help. Which iPhone model and iOS does this occur on? Also, does the issue with your notifications occur on Wi-Fi, cellular or both? Let us know and we'll continue.",Sun Nov 26 01:03:24 +0000 2017
61318,61320,No it didn’t help... still not opening,Send us a DM and we'll continue to help you look into what's going on. https://t.co/GDrqU22YpT,Sun Nov 26 01:26:56 +0000 2017
61319,matched_prev,my ipad pro is stuck on loading.... not opening app store ... how to fix? https://t.co/bPeadvDaIo,We want to help you out. Let's start by following the steps in this link: https://t.co/1SrHVMz478 Let us know if you still encounter issues after that.,Sun Nov 26 01:02:42 +0000 2017
61322,61324,???? https://t.co/4lqEvlUDI4,Thanks for the photo. Let's get you pointed in the right direction. Our iTunes Team can help you further here: https://t.co/SDIe7UiyJN,Sun Nov 26 01:19:29 +0000 2017
61323,matched_prev,I accidentally bought something is there anyway I can get a refund,We're happy to help. Take a look here: https://t.co/A5QhKRZhQQ,Sun Nov 26 00:57:06 +0000 2017
61326,61328,No there's not. I'm just saying. It takes almost 20 minutes to get this phone onto a charger. Even more.,Is this the original charger that came with your iPhone? Let us know in DM. https://t.co/GDrqU22YpT,Sun Nov 26 01:15:24 +0000 2017
61327,matched_prev,"It refuses to recognize the charger is in the phone unless I push it in hard, and then when I let it go, it pretends like it got jarred loose out of the port.",Have you checked for any debris in your charging port? Is there another charger that you can use with your iPhone to see if the issue persists?,Sun Nov 26 00:53:36 +0000 2017
61332,matched_prev,"This dialogue has started appearing every time I unlock my device, even though I've completed the share. (It offers to share the same WiFi password each time.) I upgraded some days ago to iOS 11.1.2. I can't even find where to turn this feature off. https://t.co/SFQvqlswbC",We're happy to look into this with you today. Wi-Fi password sharing is a built-in function of iOS 11. Does this persist through a restart of your device?,Sun Nov 26 00:41:02 +0000 2017
61334,matched_prev,My phone exploded all over my hand,"This isn’t expected behavior, we’ll work through this together. DM us and let us know what model iPhone you're using. https://t.co/GDrqU22YpT",Sun Nov 26 00:46:08 +0000 2017
61336,matched_prev,could you please tell me how do I reserve an iPhone X at 6am in the morning online? As I went into 2 branches in Manchester and was told to reserve one from online. Thank you,We're here for you. You'll want to reach out to our Online Sales Support team here: https://t.co/8yjRd1Xo0i,Sun Nov 26 00:49:31 +0000 2017
61342,matched_prev,just got the iPhone 10 where game central app gone cart seem 2 find it?,Congrats on your new iPhone X! We'd like to help with any questions you might help. Let us know in DM if you see Game Center as an option in the Settings app. https://t.co/GDrqU22YpT,Sun Nov 26 00:34:02 +0000 2017
61344,matched_prev,"I am trying to install a free app, and it keeps asking me for billing information, and it keeps declining my billion information. I need help",Our iTunes Store team would be happy to take a look into this with you. You can reach out to them here https://t.co/SDIe7UiyJN,Sun Nov 26 00:44:30 +0000 2017
61347,matched_prev,"Yeah But Half My Apps Disapear &Or Don’t Show (Since IOS11),Even Right After I Downloaded Them,It’s Random,But App Store Randomly Seems To Hide/Show Purchases",We'd like to gather some more information for better troubleshooting. Can you DM us the country you are located in?,Sun Nov 26 00:38:45 +0000 2017
61403,matched_prev,does apple care cover stolen iPhone?,Apple Care does not cover stolen devices. Here's more information. https://t.co/Ds0oKsCgkE,Sun Nov 26 00:43:21 +0000 2017
61405,matched_prev,I have updated to the latest version and now my phone is slower than ever!! What in the fuck??? Either give me my 700$ back or fix my phone. I want it to be as fast as it was the day I purchased it. And no memory is not full cause it’s the 64gb! Fix this,Let's check this out together. Follow us to DM and we'll take a closer look. https://t.co/GDrqU22YpT,Sun Nov 26 00:44:28 +0000 2017
62203,62206,Its an iphone 7 running IOS 11.1. I have tried the hard reset.,Got it. Do you get an error messages when you try to use your charger on your phone? Let us know in DM. https://t.co/GDrqU22YpT,Wed Nov 01 22:17:29 +0000 2017
62212,62214,30% less than before the update. I was totally happy with the battery before this.,Apologies for the confusion. We meant how long in hours would it last on a full charge.,Wed Nov 01 22:46:51 +0000 2017
62215,62216,7 hours now it lasts for 4 ish,"Check out these great tips on maintaining battery health, and DM us if you have any questions: https://t.co/bivpdfBNJ6 https://t.co/GDrqU22YpT",Thu Nov 02 15:32:00 +0000 2017
62213,matched_prev,I’ve downloaded the new iPhone update and my battery lasts half as long. What’s going on?!?,We completely understand wanting to have good battery life. How long is the battery lasting on a full charge after the update?,Wed Nov 01 21:01:56 +0000 2017
62224,62226,"When the Sept update ever since then there’s an exclamation point in a circle in most pictures I’m at 11.1 now, updated last night as well","Thanks for letting us know. For more help with this, you'll want to contact our Photos experts here: https://t.co/IBIY3vMgPj",Wed Nov 01 22:30:37 +0000 2017
62228,62230,"Yes, I'm with them now","Let's take this to DM, and we can talk more details once there. Thank you in advance! https://t.co/GDrqU22YpT",Wed Nov 01 22:30:05 +0000 2017
62229,matched_prev,two of my friends are using the iphone 6s and 7 which have just updated. Their phone's are now freezing on multiple apps help!,"We'd like to work with you. Just to verify, this is not your iPhone, but your friends' iPhone's, right?",Wed Nov 01 20:59:56 +0000 2017
62234,62236,iPhone 6. Has recently started vibrating randomly.,"What's the iOS version being used? Meet us in a DM, we'll have the room there to look into this a bit closer. https://t.co/GDrqU2kzhr",Wed Nov 01 22:13:27 +0000 2017
62235,matched_prev,Why does my iPhone keep randomly vibrating? #FirstWorldProblems,Thank you for reaching out. May we ask which iPhone you're currently using?,Wed Nov 01 20:42:58 +0000 2017
62241,62242,No I don’t & I have the latest update,Go ahead and send us a DM. Let us know the country you're in. We'll do our best to help. https://t.co/GDrqU22YpT,Wed Nov 01 23:06:26 +0000 2017
62239,matched_prev,Why does my phone vibrate for no reason since I’ve updated it ??,We'd like to look into this with you. May we ask what type of iPhone you have?,Wed Nov 01 20:39:53 +0000 2017
62245,62247,Thanks for the speedy reply. I’m currently using iOS 11.1,"Thanks! Let's continue in DM, please. https://t.co/GDrqU22YpT",Wed Nov 01 22:16:34 +0000 2017
62246,matched_prev,hi. I have an iPhone 8 plus and my screen isn’t turning off automatically. What is going on? My auto lock is 1 min,Let's take a look at this together. May we ask which iOS version you're currently using on your iPhone?,Wed Nov 01 20:52:41 +0000 2017
62249,62251,Would like to also report that after the new update my phone keeps freezing....,We can look into that with you. Send us a message us in DM to get started. https://t.co/GDrqU22YpT,Thu Nov 02 02:24:30 +0000 2017
62257,matched_prev,Why my iMessage & FaceTime keep saying is waiting fo activation 😩 help me out,"We'd love to help get those features working for you. Which device are you using, and what's the software version it's running?",Wed Nov 01 20:52:38 +0000 2017
62261,matched_prev,can you help or nah? https://t.co/1lAvjP9yu1,"We want to help you. DM us, and let us know what's going on. We'll look into this. https://t.co/GDrqU22YpT",Wed Nov 01 20:46:52 +0000 2017
62266,matched_prev,any way to check the overall battery health of my iphone?,We would be glad to take a look at this for you. Reach out to us in DM. https://t.co/GDrqU22YpT,Wed Nov 01 20:18:15 +0000 2017
62269,matched_prev,iPhone 6s and I have the 11.1 iOS update,Thanks for those details. We'd like to have you meet us in DM and we'll continue from there. https://t.co/GDrqU22YpT,Wed Nov 01 20:51:03 +0000 2017
62271,matched_prev,Why is my phone doing this!!! I need answers!!!!,We're here for you and want to help. DM us with what type of iPhone you're using and your current iOS version. https://t.co/GDrqU22YpT,Wed Nov 01 19:39:27 +0000 2017
62273,matched_prev,My phone won’t stop turning off and freezing !!!!,Let's look into this for you. Send us a DM with your current iOS version to get started. https://t.co/GDrqU22YpT,Wed Nov 01 20:35:38 +0000 2017
62275,matched_prev,Downloaded the iPhone update. Thought maybe it would correct my phone crashing problem. Nope. iPhone still crashing,We can look into this further with you. Send us a DM if you'd like to get started: https://t.co/GDrqU22YpT,Wed Nov 01 20:05:41 +0000 2017
62277,62280,"Only the weather app is showing the right weather, it’s the widget that’s not showing working. I restarted.","Just to confirm, are you using a third party app called 'The Weather Channel'?",Wed Nov 01 23:03:58 +0000 2017
62281,62282,"No, just the Apple weather app and the Apple weather widget","Just to confirm, did you take these screenshots within the similar time frame?",Wed Nov 01 23:57:00 +0000 2017
62279,matched_prev,why isn’t the weather’s widget not working no more? (Even since iOS 11.1) https://t.co/XLQNCFXKDO,We want to look into this with you to be sure it's working as expected. What seems to be happening? Have you restarted?,Wed Nov 01 20:46:26 +0000 2017
62293,matched_prev,Can you suggest a fix for the I not working on the keyboard other than resetting my entire phone? 7PLUS iOS 11.1,Could you Direct Message us and let us know what country you're located in? We'll help out. https://t.co/GDrqU22YpT,Wed Nov 01 20:48:24 +0000 2017
63161,matched_prev,i️ can't properly use my phone can u fix this send me a new phone DO SOMETHINg IM LOSING MY MIND https://t.co/wqPsWFLvZr,Hello. We'll be glad to check into this with you. Please click here to DM us: https://t.co/GDrqU22YpT,Wed Nov 01 21:21:10 +0000 2017
63165,matched_prev,"got these brand new headphones, and they didn’t even work right out of the box. where’s the quality control? Smh https://t.co/HWtN2vkaTV","We'd be happy to look into this with you. Send us a DM, and we'll continue there. https://t.co/GDrqU22YpT",Wed Nov 01 21:17:39 +0000 2017
63169,matched_prev,need you to check your DM’s. 😩😩😩,"We're happy to help. We've received your DM, and will continue there. Look for a reply shortly.",Wed Nov 01 21:14:02 +0000 2017
63173,matched_prev,needs to figure out what this 👉🏾I ..... issue is on my iPhone8,We are here for you. Let's take a look at this further for you. Reach out to us in DM. https://t.co/GDrqU22YpT,Wed Nov 01 21:15:15 +0000 2017
63179,matched_prev,Am i the only one that can’t use a capital i without it showing a capital A next to a boxed question mark? The hell is this,We'd love to help! Let's start by having you tell us which device and iOS version you are using in Settings > General > About,Wed Nov 01 21:04:58 +0000 2017
63191,matched_prev,after downloading watchOS 4.1 Apple Music app downloads and freezes at 75% for hours. Any insight?,Send us a DM with more details and include the country you're in. We'll do our best to help. https://t.co/GDrqU22YpT,Wed Nov 01 21:05:07 +0000 2017
63193,matched_prev,Download apparently complete but now won’t pair with phone. Watch now unusable. Sons watch has done exactly the same on the same update,We've received your DMs and will continue there.,Wed Nov 01 20:58:45 +0000 2017
63197,matched_prev,"Very frustrating Apple watch software update, anyone else having this issue? https://t.co/pMAHLfAGnD",The update can depend on your Wi-Fi network speed. How long has the update been in progress?,Tue Oct 31 21:20:44 +0000 2017
63202,63203,iPhone 7 Plus,We wanted to provide this link with special attention to the ‘Use Night Shift’ section: https://t.co/it24SqZD78,Thu Nov 02 02:00:38 +0000 2017
63200,matched_prev,how can I add Night Mode to the control center in the new iOS?,We're here for you. Which version of the iOS are you running? Check by tapping Settings > General > About.,Wed Nov 01 21:11:38 +0000 2017
63207,matched_prev,I have iCloud library on but can download music to play offline. Help pls,We can assist you. Do you receive a specific error message when you attempt to download music for offline listening?,Wed Nov 01 21:04:35 +0000 2017
63209,63211,"thanks!, not only me, my wife and a friend, keyboard is very slow and apps like the whatsapp takes up to 10 seconds to open","Let us know in DM whether you have been able to update to iOS 11.1, please. https://t.co/GDrqU22YpT",Wed Nov 01 22:35:00 +0000 2017
63210,matched_prev,"I just recovered my old Iphone 5 for my mother, upgrade to IOS 10.3, it works faster than my Iphone 6 with IOS 11, 🙄",We can help with your iPhone. Can you tell us more about what you're experiencing?,Wed Nov 01 21:04:11 +0000 2017
63219,63221,The 7plus and whichever the last iOS 10. I haven’t updated to the iOS 11 yet but I’ve heard that doesn’t resolve my issue,"OK, got it. Let's move over to DM so we can look into this a bit further. https://t.co/GDrqU22YpT",Wed Nov 01 22:27:28 +0000 2017
63220,matched_prev,"Fix our keyboards, I’m fed up with this ☹️😡 https://t.co/74qzbqOoOi","Let's see how we can help. Which device are you seeing this on? Also, what is the exact iOS version installed?",Wed Nov 01 20:58:08 +0000 2017
63223,matched_prev,When is fixing this issue where the letter “eye” stops changing to I on all apps?,We've received your DM and well be happy to continue working with you there. Look for a reply from us shortly.,Wed Nov 01 21:03:22 +0000 2017
63225,matched_prev,I just updated my phone again and still can’t text I,"We can help. What is the current iOS version you have installed? Let us know more in DM, please. https://t.co/GDrqU22YpT",Wed Nov 01 21:01:47 +0000 2017
63227,matched_prev,Will Apple Remote Desktop allow me to connect to something on a different network? 2/2 thanks for any help,"Hi. It's designed for use on the same network, but does have a remote feature, as explained here: https://t.co/wDmm2ezyrq",Wed Nov 01 20:55:38 +0000 2017
63327,matched_prev,"listen, y’all fixed the I thing. Thanks. But can y’all do something about me not being able to type I.T without I.T looking like this. FYI. I’m trying to type “it”",We're glad to help. What version of iOS are you currently running? Let us know and we'll get started.,Thu Nov 30 05:48:27 +0000 2017
63455,63457,11.0.2 is newest version according to my updated itunes. all apps are updated,Thanks for that info. The iOS version that we released recently is iOS 11.1.2. Try updating using your iPhone itself and let us know if you're able to update. We also encourage a backup before just in case. Let us know if you still experience that afterwards in DM. https://t.co/GDrqU22YpT,Thu Nov 30 18:23:33 +0000 2017
63458,63459,actually just checked again I am at 11.1.2.,Thanks for confirming that. Do you remember which version you were using when you first noticed that the performance was slower than usual? Let's also get your country in case we need to check out additional options. Let us know with a DM. https://t.co/GDrqU22YpT,Thu Nov 30 18:45:32 +0000 2017
63808,matched_prev,My phone does not notify me of new messages whenever its unlocked and I really dont know why but I absolutely hate it! & needs to fix that NOW! Because that is highly unacceptable and I do not appreciate the inconvenience it causes me or my friends as a result of it,We'd be happy to look into this issue with you more in detail. Reach out to us via DM and let us know what iPhone you're using and the iOS version that is installed and we'll continue from there. https://t.co/GDrqU22YpT,Thu Nov 30 06:20:22 +0000 2017
65011,65012,"I guess my real question is has there been a record of other people coming forward with the same screen distortion problems? if so, i won't worry as much, as freaky as it looks.",This is not expected behavior of your Mac after an update. It sounds like you’ve completed some great troubleshooting steps so far. DM us what country you’re located in so we can take a closer look at this issue with you. https://t.co/GDrqU22YpT,Thu Nov 30 15:57:00 +0000 2017
65010,matched_prev,Hey ever since i updated to high sierra 2 days ago my screen does this when i shut down pls tell me this is a common occurrence and yall are working to fix it bc this ish makes me nervous as hell https://t.co/uDIej6mGQn,"We can understand your concern with it doing this while shutting down. Let’s go though some troubleshooting so we can get to the bottom of this. Before we begin, you’ll want to back up your Mac. This explains how: https://t.co/Mw8OK9APy7",Thu Nov 30 05:45:55 +0000 2017
65015,matched_prev,Please help. My mom's iPhone 6s Plus' battery drains so fast even without using it. It happened after she updated to iOS 11.1.2.,Thanks for reaching out to us. We are always happy to help. Send us a DM so we can look into this issue with you there. https://t.co/GDrqU22YpT,Thu Nov 30 06:10:23 +0000 2017
65657,matched_prev,what do you mean by DM ?,Great question! A DM is a Direct Message. You should see the link to send us a Direct Message below: https://t.co/GDrqU22YpT,Thu Nov 30 05:52:09 +0000 2017
65659,matched_prev,"when vpn status is connected, it is supposed to see a vpn-is-on notification on the upper left corner, while it is not case with my iphone6, ios11.1.2",Thanks for reaching out. DM the country or region where you are currently located to get started. https://t.co/GDrqU22YpT,Wed Nov 29 09:17:24 +0000 2017
65661,matched_prev,"my iPhone is basically useless, when is a new update due?",We're here to help. Please click here to connect with us in DM and provide us with the details of the issues you're having: https://t.co/GDrqU22YpT,Thu Nov 30 05:55:23 +0000 2017
65663,matched_prev,"I lose the password for my account, ask for help and months later I'm still paying for apple music. Called again and the support agent put me on hold then hung up. I need it cancelled now, I'm paying for nothing.",We can understand wanting to cancel the subscription. We'd want to get you in touch with our iTunes Store support here: https://t.co/SDIe7UiyJN,Thu Nov 30 06:20:18 +0000 2017
66867,matched_prev,is this you?? Or hacker?? https://t.co/L7N6CEoUr5,Thanks for reaching out to us. We definitely understand your concern here. This email is not authentic. This is likely a phishing attempt to get personal information from you. You can learn more about how to identify phishing emails here: https://t.co/LNMCdqt6fD,Thu Nov 30 05:54:42 +0000 2017
67413,matched_prev,"purchased new iPhone 10 , doesn’t vibrate or ring while incoming calls. Tried everything at my end. Help",We are here to help. DM us your iOS version and we can take a look at this for you. https://t.co/GDrqU22YpT,Thu Nov 30 05:36:07 +0000 2017
67416,matched_prev,When are you bringing the Do Not Disturb icon back ? Only big complain on X. And not just me....,"You can access Control Center from swiping down on the top right to see the Do Not Disturb icon. If you'd like to leave feedback about this, please do so here: https://t.co/eTPVYVFyd8 Our engineers read all feedback sent but are unable to directly reply.",Thu Nov 30 05:24:23 +0000 2017
71171,matched_prev,So why tf hasn’t fixed this “I”,Hi there. We recently released an update that includes a fix for autocorrect issues. Follow the steps here to back up and update your device: https://t.co/80YRnjDFDk Let us know if you have questions.,Thu Nov 30 05:41:49 +0000 2017
71175,71177,Thanks in advance; ready to work with you.,Go ahead and DM us. We'll continue from there. https://t.co/GDrqU22YpT,Fri Dec 01 19:07:27 +0000 2017
72149,72151,"im using ios 11, it’s super laggy whenever i receive a notification or sometimes when im typing a message, after i hit send itll cut off the last few letters i typed",Thanks for that info. We'd like to take a further look into this. Let's meet in DM. https://t.co/GDrqU22YpT,Thu Nov 30 16:02:00 +0000 2017
72771,matched_prev,"lost my iPhone, not where iPad ""lost my"" says.. What should I do?",We understand the importance of being able to locate a lost device. Let us know if this helps: https://t.co/WgUadqPuWS,Thu Nov 30 05:14:19 +0000 2017
72773,matched_prev,", please! What is going on? My iPhone’s home screen keeps going blank daily since I updated it to #ios1112. Has anyone else reported this as a bug? When will it be fixed? Help. https://t.co/90JVL7lOsE","We appreciate the update and the troubleshooting you've tried so far. In DM, please let us know if this happens when using a particular app. https://t.co/GDrqU22YpT",Thu Nov 30 05:29:23 +0000 2017
73396,matched_prev,"In duration of 1 month, i have update ios 3 times and all the time some or the other issue occurs. Better apple should upgrade its quality. I had phone heating issue which also apple store denied to accept on replacement",We'd like to look into this further with you. Send us a DM and we'll go from there. https://t.co/GDrqU22YpT,Thu Nov 30 04:52:54 +0000 2017
73398,matched_prev,version - 11.1.1(15B150),"Since you're running an older version of iOS, we recommend updating to iOS 11.1.2 and seeing if the behavior persists. Prior to doing so, we encourage you to create a data backup. Here's an article to help you create one: https://t.co/4f8hwT5to6",Wed Nov 29 17:36:15 +0000 2017
73400,matched_prev,". ios 11 update, phone started to hang.. apple going android way😅",We'd like to look into this with you. What is your exact iOS version? You can find it at Settings > General > About.,Wed Nov 29 15:40:35 +0000 2017
74553,matched_prev,So annoyed when my Apple Watch tells me to stand so I stand and move around for more than a minute but it still doesn’t want to count. Ahh what more do I need to do,We'd be happy to help you with this. Let us know in DM the Apple Watch you're currently using and what version of watchOS is installed. https://t.co/GDrqU22YpT,Thu Nov 30 05:06:23 +0000 2017
75204,75207,I attached a image with the IOS version,Thanks for that. Let us know in DM any steps you’ve taken with your iPhone 7 to continue. https://t.co/GDrqU22YpT,Thu Nov 30 16:40:31 +0000 2017
75209,matched_prev,Why does Safari on my iPhone literally never work #appleprobs,Thanks for bringing this to our attention. We'd love to assist you with Safari. Can you provide us with the details of what's happening? We'll take it from there.,Thu Nov 30 05:03:49 +0000 2017
79995,matched_prev,I talked to Apple support on the phone. Thank you tho,"OK, thanks for the update. Feel free to reach out again if you need any future assistance.",Thu Nov 30 04:23:32 +0000 2017
79997,matched_prev,Dear I’ve tried to enter my password a few times now and it keeps kicking back to my iPhone. This is really aggravating https://t.co/OynUUzWA0t,"Hi there. Are you able to sign in to the iOS App Store from your device without issue? Please DM details, we'll meet you there to help. https://t.co/GDrqU22YpT",Thu Nov 30 03:42:36 +0000 2017
79999,matched_prev,"Dear , *HUGE* issue at MacOS High Sierra. Ms Outlook is not working. Are you aware of it ? ?? https://t.co/sqrbAK3okU",Thanks for reaching out. We're happy to help. Feel free to send us a DM so we can look into this further with you. https://t.co/GDrqU22YpT,Thu Nov 30 04:13:56 +0000 2017
80006,matched_prev,"🙏got it. Was afraid to try that, wasn’t sure if I’d be able to unmute. Much better UI!","We're glad to hear you got it figured out. If you run into any issues in the future, reach back out and we'll be happy to help.",Thu Nov 30 05:29:12 +0000 2017
81765,matched_prev,Please give me some info on Apple Pay on ios11 on iPhone 7 India support. Thanks in advance.,Apple Pay is not currently supported in India. We keep a current list of countries that support Apple Pay here: https://t.co/tKY0Mal39U,Thu Nov 30 05:18:30 +0000 2017
81795,matched_prev,Does criminal case game or 8 ball pool drains battery? I am at ios 10.3.3 and my phone was 100% when i slept and now it 39%.,"We're happy to look into issues concerning your battery. Please DM us your model iPhone and if you've made any changes to it recently; adding new app, adjusting settings, etc. https://t.co/GDrqU2kzhr",Thu Nov 30 05:23:47 +0000 2017
81797,matched_prev,hi ! Can we have my battery health on my iPhone 6 checked ?,We are here to help. DM us your iOS version and we can take a look at this for you. https://t.co/GDrqU22YpT,Thu Nov 30 05:01:55 +0000 2017
81800,matched_prev,I just updated to 11.1.2,"OK, great. Thanks for letting us know. Are you still seeing the same results? If so, send us a DM and let us know. https://t.co/GDrqU22YpT",Thu Nov 30 05:22:26 +0000 2017
81806,matched_prev,WHY THE FUCK AM I STILL SEEING QUESTION MARK BOXES IM UPDATED AF WHY????????,"Hi. We're here to help you. Are you seeing them when you type? If not, this is likely due to others not updating their devices yet. If the update hasn't fixed the issue on your end, let us know in DM and we can take a closer look. https://t.co/GDrqU22YpT",Thu Nov 30 05:21:23 +0000 2017
81808,matched_prev,"Yeah, so I can't open my text messages, or ANY other app on my phone for more then 1 second and it crashes. Hello ?","We want you to be able to enjoy your iPhone, and we'll do all we can to help. To get started, what iOS version is currently installed? Let us know in DM and we'll continue from there: https://t.co/GDrqU22YpT",Thu Nov 30 04:46:51 +0000 2017
81810,matched_prev,service centre manipulating to me .not expecting such poor service from apple.,Please send us a DM. We'd like to get some additional information on what you're encountering. https://t.co/GDrqU22YpT,Thu Nov 30 05:02:12 +0000 2017
81813,matched_prev,Since you asked. I open up Snapchat and then screen goes black. Then a buffering icon appears and my phone restarts. It’s not just snapchat either. I’m on 11.0.3,"The first step we'd like to have you do, is complete any updates for iOS and apps. Please, back up your iPhone, then update your iOS under Settings > General > Software Update. Once completed, make sure all apps are updated in the App Store. Let us know if that helps.",Thu Nov 30 05:10:33 +0000 2017
81819,matched_prev,Hey why can’t I search on my music app for music without the whole app crashing??!! https://t.co/CweVYCRX3u,Thanks for reaching out. We want to be sure you can search for your favorite music. We can definitely look into this with you. Do you have the same results after you restart your iPhone?,Thu Nov 30 04:56:47 +0000 2017
81825,matched_prev,I am beginning to believe the rumor that the latest iPhone upgrade is faulty in part to force us to buy new phones...I’m on a fixed income now my phone should not be worn out...it’s certainly no fun to use now it’s so slow.. iPhoto slow and the phone drops calls..,We want to help. Which iOS version is your device currently running?,Thu Nov 30 05:13:35 +0000 2017
81830,matched_prev,"what's wrong with you guys, I ordered 7 plus gold, and got 7 jet black. How can you beso irresponsible.",We can help out. Was this purchased through the Apple Online Store?,Thu Nov 30 05:11:18 +0000 2017
81834,matched_prev,". iPhone 6s. Got new battery as part of last year’s recall. Today shutdown after 15 minute walk in -4C and trying to take picture. When restarted initially 10%. After warming up, and reboot 51% https://t.co/BvO2mJspQI",We want to help. Let's continue in DM. https://t.co/GDrqU22YpT,Thu Nov 30 04:55:23 +0000 2017
81839,matched_prev,Mr Robot hasn’t loaded in my purchased in several days. Really getting on my nerves.,We know you want to access your purchases so you can watch them whenever you want to. Please reach out to our Apple TV support team using this link for more help: https://t.co/IBIY3vMgPj,Thu Nov 30 05:04:27 +0000 2017
81961,matched_prev,"since the last IPhone upgrade my phone is slow, slow slow no fun to use..I called support and you had me up grade my computer then try to refresh my phone with iTunes, you were to call me back in an hour at your suggestion but you never did and I waited and waited",We want to help figure out what happened. Meet us in DM and we will go from there. https://t.co/GDrqU22YpT,Thu Nov 30 05:08:33 +0000 2017
81965,matched_prev,is Night Shift intentionally not a control center button on iPhone X?,Congratulations on your iPhone X. Night Shift is a great feature we all use. We'd recommend checking out this article to learn how to activate this feature with your new device: https://t.co/NBE76DOiEM,Thu Nov 30 04:19:27 +0000 2017
81969,81971,6s + and version 11.1.2 but this ain’t the first time it’s happened.,"When you look in contacts, do you see any possible duplicates of a deleted number?",Thu Nov 30 16:05:33 +0000 2017
81975,81977,"Yup. Am a member. Normally make updates on iTunes on the comp, listen on-the-go on my phone. The iCloud Lib on/off button turns on and then back to off once I leave Settings. Since yest morning. Haven’t made any setting/other changes. Normal operation",Can you tell us which iOS version you are currently using please?,Thu Nov 30 15:30:00 +0000 2017
81978,81979,"11.1.2 on an SE. Like i said, no deviations off daily usage. Everything’s as is. Realised it wasn’t updating when I added music last night (which I do almost every night)",Okay. Join us in DM so we can better assist you: https://t.co/GDrqU22YpT,Thu Nov 30 16:17:38 +0000 2017
81982,matched_prev,What is 'profile' and 'Secure' in iCloud? https://t.co/JqToSmfVv2,Let's find out. Send us a DM with your software version to get started. https://t.co/GDrqU22YpT,Thu Nov 30 04:47:41 +0000 2017
81984,matched_prev,"I ain't playing no games with y'all my phone has been glitching terribly and has been deleting things, it deleted all my photos,it won't let me do anything to recover them,and my phone won't update🙄😤","That is not the experience we want you to have. To get started, can you tell us which iOS version currently running on your device, and what happens when you try to update?",Thu Nov 30 04:43:15 +0000 2017
81986,matched_prev,IOS 11.1.2 is killing my battery life. Sucks,Thank you for reaching out. We know how important your battery life is. Reach out to us in DM and let us know how long your battery normally lasts in a day and we’ll help. https://t.co/GDrqU22YpT,Thu Nov 30 04:55:36 +0000 2017
81988,matched_prev,Okay but why has my iPhone 6 battery been dying 500x faster since installing IOS11?? 🙃,Thanks for reaching out to us. We are always happy to help. Send us a DM so we can look into your battery issue with you. https://t.co/GDrqU22YpT,Thu Nov 30 04:52:02 +0000 2017
81992,matched_prev,Hey I updated my phone and now it won’t stop turning off and on for the last two hours so thanks for that,Thanks for reaching out to us. We are always happy to help. Send us a DM so we can look into this issue with you there. https://t.co/GDrqU22YpT,Thu Nov 30 04:45:13 +0000 2017
81997,matched_prev,fix my phone.,We're happy to help. Could you please provide a few details about what you're experiencing?,Thu Nov 30 04:45:03 +0000 2017
81999,matched_prev,"Easily worst purchase I’ve made is ‘s iPhone 8+. Either that or just their worst software ever. Spotify randomly stops, apps are slow to open, screen lags when waking. Good job apple.",We appreciate you reaching out to us and can't wait to get this resolved together. Which iOS version are we working with on your iPhone? You can find that in Settings > General > About. You can find us in DM at the link below. https://t.co/GDrqU2kzhr,Thu Nov 30 04:25:35 +0000 2017
82002,matched_prev,The case didn’t hold my AirPods when it fell down. And now one of them is broken. It was a gift. Please help. What should I do? https://t.co/3W1LdBcPVu,We'd be happy to look into your service options. Please DM us which country you're located in and we'll get started reviewing your available options to have this taken care of. https://t.co/GDrqU22YpT,Thu Nov 30 04:49:50 +0000 2017
82004,matched_prev,since I’ve updated to the IOS 11 my battery has been draining to quickly I’ve only been using it for 15 mins& it’s drained,"That's unexpected, but we'd be happy to help. Let's move over to DM. Let us know which iOS version you currently have installed. You can check in Settings > General > About. https://t.co/GDrqU22YpT",Thu Nov 30 04:42:18 +0000 2017
82006,matched_prev,Hey my friend had her iPhone battery explode and you don't seem to care. Poor form! https://t.co/QJaUpwg7w6,"Thank you for reaching out to us. Please send us a DM, so we can gather more information about this. https://t.co/GDrqU22YpT",Thu Nov 30 04:27:16 +0000 2017
82011,matched_prev,imma need y’all to fix this “I.T” thing . cause i’m about tired . keyboard shortcut trick doesn’t work 🤷🏽‍♀️,That is certainly not the experience we want you to have. Which iOS version is your device running? https://t.co/GDrqU22YpT,Thu Nov 30 04:32:30 +0000 2017
82017,matched_prev,since the update my iPhone 6s Plus is having issues with the camera .. already sent a dm!,We’ve received your DM and will continue working with you there.,Thu Nov 30 04:58:14 +0000 2017
82034,82036,I am using iOS 11.1.2 and I use both Apple Music and Spotify,"How long have you been experiencing this issue? Does it occur while using the speaker, headphones, or both?",Thu Nov 30 15:24:28 +0000 2017
82037,82038,About a week and it’s only with a Bluetooth headset or car Bluetooth,"To prevent from repeating any previous troubleshooting, can you tell us what steps you've already taken so far? Click here to let us know in DM: https://t.co/GDrqU22YpT",Thu Nov 30 16:44:43 +0000 2017
82040,matched_prev,"So : you have Facebook integration in MacOS 10, but have *removed* it from iOS11?? So, Facebook Events appear in my desktop iCal, but NOT on my iPhone without having to subscribe to them on my phone calendar separately, creating duplicates on my desktop? LAME.",We appreciate your input and encourage you to leave feedback here: https://t.co/oWzjJxkvlC,Thu Nov 30 07:57:33 +0000 2017
82046,82048,"It shows in computer folder, but is not in the iTunes list of backups. How can I select it if it’s not in the iTunes list?",Let's look in to this together. Please DM us about this issue and we'll continue there. https://t.co/GDrqU22YpT,Thu Nov 30 16:24:41 +0000 2017
82047,matched_prev,I deleted texts by mistake. iPhone backed up automatically and erased last backups. Unable to restore backup cuz older backups don't appear on iTunes to select from although I see it in my computer. No iCloud backup. Can I do anything to retrieve the texts?,"Hi there and thanks for reaching out. To restore deleted text messages, we would need to use a backup that was created before the messages were deleted.",Thu Nov 30 04:18:01 +0000 2017
82055,matched_prev,why am I still seeing this for the I character. I’ve updated my phone to last iOS software. Fix it y’all. https://t.co/ap5rsvht7M,Hi there. We can definitely look into this with you. Are you seeing this character when you're typing on your iPhone or are you seeing it in messages or social media posts?,Thu Nov 30 04:27:03 +0000 2017
82057,82059,still having issues. I took it to an iShop and it won’t restore either,DM us your country and we'll look into all your options together. https://t.co/GDrqU22YpT,Sat Dec 02 19:31:00 +0000 2017
84163,matched_prev,Will the Apple 4k TV support HDMI 2.1? You sell the cables but will the cables work with the 4k Apple TV.,"Thank you for reaching out to us. This article may help: https://t.co/3Y2HCovI6b For more questions about Apple TV, please contact our team here: https://t.co/IBIY3vMgPj",Thu Nov 30 07:33:27 +0000 2017
84165,matched_prev,The screen on my Iphone 8 just went black.. three days away from my sons 2nd B-day. GREAT.,This is not the normal. Let's look into this with you in DM here: https://t.co/GDrqU22YpT,Thu Nov 30 07:41:40 +0000 2017
84182,matched_prev,"Dear , imsg animation effects not working after upgradation from ios 10 to 11.02 in my iphone 7. Pls resolve this issue",We'd like to help. Let's have you back up and update to our latest release (11.0.3): https://t.co/80YRnjDFDk,Sun Oct 15 06:37:16 +0000 2017
84184,matched_prev,"My phone goes frozen if i got a very long message, when i wanna preview a message with 3D Touch. I try to turn off my phone but it doesnt work. I have to wait until my battery was empty",We're happy to look into this. DM us and tell us which version of iOS you're currently running. https://t.co/GDrqU22YpT,Thu Nov 30 07:08:00 +0000 2017
84186,matched_prev,Where i can send a bug report for iOS? (No beta),You can submit feedback here: https://t.co/eTPVYVFyd8 We'd be happy to look into any issues you're having to try and resolve them. Tell us more about what you're experiencing.,Wed Nov 29 22:03:08 +0000 2017
84188,matched_prev,when are y’all going to fix this whole I situation,Hi there. We’ve recently released an update which addresses this issue. Don’t forget to create a backup of your device before you update: https://t.co/xXaXeeSRt9,Thu Nov 30 07:25:07 +0000 2017
84190,matched_prev,"It’s seems to work fine but just plays all songs on shuffle, even if I press the first song on an album.",Check to see if shuffle is selected. Follow these steps and let us know the result: https://t.co/NhXCO1Hh4z,Thu Nov 30 06:57:32 +0000 2017
84198,matched_prev,my phone turned off and now all my pictures are gone?? what the fuck???? https://t.co/yC4MhMg4j7,"We know how important those memories are, so let's work together to figure out what's going on. Do you have Optimize iPhone Storage turned on in Settings > Photos? DM us the answer and we'll get started. https://t.co/GDrqU22YpT",Thu Nov 30 07:02:09 +0000 2017
84200,84202,I am using iPhone X. This is very easy to reproduce even on an iPhone X simulator in X Code. https://t.co/JCVKtJP0lP,Does this persist even when restarting your iPhone?,Thu Nov 30 16:04:00 +0000 2017
84203,84204,"No, it doesn’t persist after restarting my iPhone. Thanks!",Excellent! We're here if you have further questions. Have a great day!,Thu Nov 30 16:43:01 +0000 2017
84201,matched_prev,any chance that you can look into this?,We want to help. Which version of iOS are you using? You can check in Settings > General > About.,Thu Nov 30 06:38:57 +0000 2017
84211,matched_prev,"And this is what happens when I try to start the computer in recovery mode or, well, any other mode. https://t.co/XvnpDFGWjG","We're here to help. First, let's try an SMC reset: https://t.co/FYojVXHuwn If that doesn't help, DM us more info using the following link, including the model of computer and the version of the operating system, and we'll team up to get it running again. https://t.co/GDrqU22YpT",Thu Nov 30 07:01:15 +0000 2017
84217,matched_prev,Also can please tell me why my one year old iPhone is crapping out and always freezes or dies?!?! This shit didn’t happen when I had an Android..... 🤔,We would love the opportunity to work with you today to get these issues corrected. Let's begin with finding out which iOS version you are running under Settings > General > About. DM us that version number here: https://t.co/GDrqU22YpT,Thu Nov 30 06:58:46 +0000 2017
84220,matched_prev,"Battery life is jumping down in 4% steps while streaming music via Apple Music over LTE to Bluetooth headphones 😮 That can‘t ne normal, ? https://t.co/pmlSAQMupI",Let's see what's going on. Which version of iOS is it happening on? Reply in DM to get started. https://t.co/GDrqU22YpT,Thu Nov 30 06:22:47 +0000 2017
84225,matched_prev,Everyone’s fucking model is doing it. Even screenshotted It for you boys https://t.co/Osflkm7u2b,"Thank you for that screenshot. In DM, please let us know the iOS version you're using. You can find that under Settings > General > About. https://t.co/GDrqU22YpT",Thu Nov 30 06:51:00 +0000 2017
84229,matched_prev,Is anyone else having a weird glitch on their iPhone ? When I type the word “I.T “ I.T auto corrects to I . T,We want to take a look with you. Could you Direct Message us and let us know what iOS version you're on? https://t.co/GDrqU22YpT,Thu Nov 30 07:00:47 +0000 2017
84231,84233,Already did that https://t.co/TQPIBDVAFO,"Thanks. Are you seeing the question mark when you try to type the letter ""i"" or are you only seeing it on posts or messages from other users?",Thu Nov 30 16:17:03 +0000 2017
84237,84239,I had them saved on my Computer and all was restored but why do they all disappear?,We’re glad you’ve been able to restore your contacts. We’d need to investigate the situation more to be able to pinpoint the source of the issue. Have you made any recent changes to your iPhone? Let us know in DM. https://t.co/GDrqU22YpT,Thu Nov 30 16:49:00 +0000 2017
84238,matched_prev,Hey why did I play soccer and come back to every contact in my phone deleted? 2nd time that’s happened. #whatgives,We’d be glad to help take a closer look at your contacts. We’d like to start by gathering some more information so we can determine where to get started. Are these contacts saved in iCloud or another account on your iPhone? Let us know in DM and we’ll start there. https://t.co/GDrqU22YpT,Thu Nov 30 05:51:07 +0000 2017
84247,matched_prev,"Team, Photos app is acting weird. All pictures are jumbled in the Album folder & it’s not setting right. Also, Below screenshot is from Photos and this happened all a sudden & I haven’t done anything. https://t.co/CYMkRvWyL7","Hey there! We know how important photos are, so we're more than happy to help and recommend reaching out to our Photos team directly so they can help you figure out what's going on. Click here to get started: https://t.co/IBIY3vMgPj",Thu Nov 30 06:43:04 +0000 2017
84251,matched_prev,"Yo My imessage just cut off, I can't facetime & now I got green messages. This happened OUT OF NO WHERE . Then my phone just deleted all my contacts. What is the issue",We’d be glad to help with all the issues you’ve noticed. We know how important getting those back and working is for your iPhone. Can you start by confirming your iOS version in DM? You can find that under Settings > General > About. https://t.co/GDrqU22YpT,Thu Nov 30 06:31:37 +0000 2017
84253,matched_prev,No error message. I have to delete each time and then it can be redownloaded without problems. If you just update them the circle is spinning forever in App Store. Only this few apps.,OK. Send us a DM with the version of iOS you're currently running and we'll take a closer look. Find that under Settings > General > About. https://t.co/GDrqU22YpT,Thu Nov 30 06:43:50 +0000 2017
84255,matched_prev,"since iOS 11 apps like Yelp, Open Table and others aren‘t updating over the AppStore? You always have to delete it and reinstall",That's now how we'd expect those apps to behave. Let's look into this a bit further. Do you get an error message when you try to update? Do you have to delete them each time an app update is available? Are you able to redownload the updated version without issues?,Wed Nov 29 22:33:14 +0000 2017
84257,matched_prev,is it normal for me to have to restart my Apple TV everyday to get it to work?,"The Apple TV should not have to go through a daily restart. To look into the Apple TV, let’s get you in touch with our Apple TV pros. You can reach them here: https://t.co/IBIY3vMgPj",Thu Nov 30 05:46:31 +0000 2017
84265,matched_prev,Mac air is having problem of liquid spill in motherboard due to which it stops charging Is apple selling defective Macs,"We'd like to look into this with you to see how we can help. Let us know in DM what country you're located in, and we'll get started: https://t.co/GDrqU22YpT",Thu Nov 30 13:32:42 +0000 2017
84267,matched_prev,It was working fine on IOS 10 but once I upgraded to IOS 11 problem started.its iPhone 6 plus.please give me solution as I am not able to use my device touch is unresponsive,Thanks for clarifying. Let's move into DM so we can look at our options. Use the button below to get started. https://t.co/GDrqU22YpT,Thu Nov 30 06:05:07 +0000 2017
84275,matched_prev,- Few Messages (sent & received messages) doesn’t wrap in Message App on all iOS 11 versions and flows in one line. Pls look into this.,Thanks for reaching out. We want to help. Reach out to us in a DM and we will work from there. https://t.co/GDrqU22YpT,Thu Nov 30 06:20:08 +0000 2017
84277,matched_prev,My apps aren’t working smooth like old iphones. Very slow after updating latest ios 11.1 specially in contacts,"The performance of your device is important. We'd like to work with you on this issue. First, let's update to iOS 11.1.2 and test the performance. Let us know the results in DM here: https://t.co/GDrqU22YpT",Thu Nov 30 05:41:24 +0000 2017
84279,matched_prev,Et comme si ça ne suffisait pas tous les tram sont annulés jusque 8h sur la ligne T2,We offer support via Twitter in English. Contact us for help in your preferred language here: https://t.co/IBIY3vMgPj,Thu Nov 30 06:33:32 +0000 2017
84289,84291,It won’t come up at all and My battery keeps draining,"Please send us a DM of what you see when you try to open it and we will go from there. Also, what version of iOS are you running? https://t.co/GDrqU22YpT",Thu Nov 30 18:31:32 +0000 2017
84295,matched_prev,is this still safe to use? #poorcollegestudentprobs https://t.co/iQjYT4afVA,Thanks for reaching out. We want to do all we can to help. Send us a DM and let us know which country you're in. We'll look into your options with you. https://t.co/GDrqU22YpT,Thu Nov 30 05:50:11 +0000 2017
86970,matched_prev,Please confirm whether #HighSierra installed from today onwards will have the security 'bug' pre-fixed. Thank you.,We can provide you more guidance on this today. Meet up with us in DM at the link below. https://t.co/GDrqU22YpT,Thu Nov 30 10:22:26 +0000 2017
86972,matched_prev,Pour les anciens wifi enregistrés il me signale que les mots de passe ne sont pas corrects.,We offer support via Twitter in English. Contact us for help in your preferred language here: https://t.co/IBIY3vMgPj,Thu Nov 30 10:26:56 +0000 2017
86977,matched_prev,this isn't legit is it ? https://t.co/ppozuWhhFj,We want to help. Take a look at this for reference: https://t.co/LNMCdqt6fD Let us know if you have more questions.,Thu Nov 30 09:36:57 +0000 2017
86979,86981,11.1.2(I5B202) is that right?,Thanks. Let's look into that further. Send us a DM and we'll go from there. https://t.co/GDrqU22YpT,Thu Nov 30 18:13:00 +0000 2017
86980,matched_prev,"ok, I’ve been using my iPhone for 2 hours it’s gone from 100 to 47% background apps off etc .... why?!! Every day I charge it 3 times at least! #iphone6splus",We're here to help. Which iOS version are you currently running? Tap Settings > General > About to find the version number.,Thu Nov 30 10:09:30 +0000 2017
86983,matched_prev,"It’s unbelievable that , still haven’t sorted out the battery issues on iOS 11. I almost don’t want to use my phone because of how quickly it drains out. Unacceptable.",We're always happy to help. What iOS device are you currently using? Let us know in Direct Message and we'll take a look. https://t.co/GDrqU22YpT,Thu Nov 30 10:12:25 +0000 2017
86985,matched_prev,Fotos app on Mac cant play back HVEC iPhone 8+ videos. Both iOS and MacOS are updated. Can you push a software fix? https://t.co/hFBYhMyvZl,Hi there! We know photos are important and want to make sure you get the best support for this issue. We have a specialty team that can best assist with this issue and can be contacted from here: https://t.co/IBIY3vMgPj,Thu Nov 30 09:55:56 +0000 2017
86987,matched_prev,"And every time I’ve reached out, I’m told to reboot my phone. How many times??? 😫",We'd like to get this sorted for you. We know how important it is to have your phone working properly. Click here to connect with us in DM: https://t.co/GDrqU22YpT,Thu Nov 30 09:59:01 +0000 2017
86990,matched_prev,pls make a update for iphone 5s on ios 11 battery draining and phone hanging very steadily,"We want to make sure your iPhone is working great and would like to help. Please DM us the exact iOS 11 version you have installed and if you're using suggestions from https://t.co/bivpdfBNJ6, to help with your battery. https://t.co/GDrqU22YpT",Thu Nov 30 10:03:27 +0000 2017
86995,matched_prev,It doesn’t. The control center does show up when swiped twice but without the dock. The dock is missing from the homescreen too. If it happens again I’ll screen record.,"A screen recording would be great! Also, does this happen with any Apple installed apps such as messaging or Safari? If you would like to send the screen recording in DM, you can do that using the link below. https://t.co/GDrqU22YpT",Tue Nov 28 15:23:23 +0000 2017
86997,matched_prev,"iOS 11.1.2 on iPad Pro. I’m using different apps. I think one was Procreate, another was Final Fantasy Record Keeper (I think), can’t remember the other one. It happens from time to time but today it happened thrice in such a short period of time.","Got it. This may be expected behavior. If you put your finger at the bottom of the screen and swipe up, does the dock come back?",Tue Nov 28 14:19:17 +0000 2017
86999,matched_prev,"In about 8 hours, I had restarted my iPad thrice because the dock keeps on disappearing. It’s getting annoying.","Let’s look into this together. Are you using the same app each time the dock disappears? Also, which iOS is on the iPad?",Tue Nov 28 08:36:07 +0000 2017
87001,matched_prev,tell me when will you send your god damn confirmation message. ı cant use my blasted phone. would you like help me ?,"Hey, can you tell us some more details on what's going on? Which confirmation message you are referring to? Let us know in DM and we'll do our best to help you. https://t.co/GDrqU22YpT",Thu Nov 30 10:16:06 +0000 2017
87005,matched_prev,the app crashes when you are navigating on the ‘you’ tab. Happened several times today,Thanks for reaching out. We'd be happy to help. What device are you using Apple Music with?,Thu Nov 30 09:50:37 +0000 2017
87007,matched_prev,This morning has gone from zero security to my Mac being unable to do anything without asking for passwords over and over #Apple #Security,"We want to hear more about the issues you are running into on your Mac. Please, meet up with us in DM and let us know more specifically what's going on, to get started. https://t.co/GDrqU22YpT",Thu Nov 30 09:18:12 +0000 2017
87009,matched_prev,"Hi, guess you guys need to hire efficient #iOS developers. My phone has been lagging ever since the #ios11 got its new update.",We'd be happy to assist you with this issue. Let us know in DM the iOS device you're using and when you notice your device lags the most. https://t.co/GDrqU22YpT,Thu Nov 30 09:12:22 +0000 2017
87017,87019,My iPhone is currently running on iOS 11.1.2,OK. Let's continue in DM. https://t.co/GDrqU22YpT,Thu Nov 30 16:47:32 +0000 2017
87018,matched_prev,"I don’t know what it is, but I got the feeling that my iPhone 6 battery is running out much faster than before. Can it be the new software update or another reason?",we want to help. Which version of iOS 11 is running on your device?,Thu Nov 30 08:44:39 +0000 2017
87022,matched_prev,just noticed i have photos on my phone from 1st Jan 1970! Whats that all about??? https://t.co/KLtnkHtK5V,We'd be happy to look into this with you more in detail. Please reach out to us via DM and we'll get started. https://t.co/GDrqU22YpT,Thu Nov 30 09:54:44 +0000 2017
87024,matched_prev,why do my phone keep vibrating like I have notifications? But when I check there’s no new ones,Thanks for reaching out to us. We are always happy to help. Send us a DM so we can look into this issue with you there. https://t.co/GDrqU22YpT,Thu Nov 30 09:37:15 +0000 2017
87026,87028,11.1.2 and 6s. Thanks.,We'd like to look into this further. Could you Direct Message us and let us know what country you're located in? https://t.co/GDrqU22YpT,Thu Nov 30 15:43:01 +0000 2017
87027,matched_prev,Left home 20 minutes ago with full battery. Now on 28%. What a pile of 💩 your latest IOS is. And in the rind I’ve typed this tweet I’ve lost another 3 %.,"We can help out with battery life! What iOS version is the device on, and which device are you currently using?",Thu Nov 30 08:55:52 +0000 2017
87030,matched_prev,Unable to create user accounts of any level after the OSX fix that has been released to patch the root issue..... (Domain Joined machine) #itonlygetsworse https://t.co/ABxDwPNOFu,We are here to help. Let's start the device into safe mode. Does the issue remain then? DM us the answer. Here are the steps for safe mode: https://t.co/PQ4LSYhUTY https://t.co/GDrqU22YpT,Thu Nov 30 09:43:42 +0000 2017
87032,matched_prev,my iPhone won't let me delete any of my photos. I click delete and then they come back within seconds?!,Let's see how we can provide you the best guidance on this. Which iPhone and iOS version are you using? Have you tried restarting your iPhone after deleting the photos? Does the same issue happen after restarting?,Thu Nov 30 09:25:46 +0000 2017
87034,matched_prev,"Hi, ever since I download the new iOS my home button isn't working!","The Home Button is very important, so we will do everything we can to get it working. Which iOS version are you running? You can check under Settings > General > About. Have you restarted? https://t.co/OWRDHWSt4h",Thu Nov 30 09:22:02 +0000 2017
87041,matched_prev,I’m not the only one experiencing a bug where the camera settings in iOS 11 reset to default at random despite all Preserve Settings enabled. Running the latest iOS on iPhone X. Please tell me a fix is coming because this is extremely frustrating!,"We'd like to hear more about this so we can help determine the best way to get this addressed on your iPhone X. Can you provide us more details, perhaps an example of what you are experiencing with the camera settings. Also, let us know your iOS version in DM. https://t.co/GDrqU22YpT",Thu Nov 30 08:49:49 +0000 2017
87043,87045,it's saying that activation is unsuccessful :////,Thanks. Let's work through the steps here to see if we can get it activated for you: https://t.co/jhvYu3nzpA Please DM us if the issue continues. https://t.co/GDrqU22YpT,Thu Nov 30 15:59:00 +0000 2017
87050,matched_prev,"Dear , iOS have eaten more than half of my storage and I don't even know for what content (for ""other""/system). Can you please take a look? What should I delete? https://t.co/2Y7pnIUsSz",We'd like to take a closer look. Could you Direct Message us and let us know what country you're located in? https://t.co/GDrqU22YpT,Thu Nov 30 09:12:06 +0000 2017
87054,matched_prev,is there some issue with Stocks widget since last so many days? I am getting data like this...please help. https://t.co/FY36ouMT7E,We'd be happy to look into this issue with your Stocks widget. Please DM us the iOS version installed and details of any troubleshooting steps you've attempted so far. https://t.co/GDrqU22YpT,Thu Nov 30 09:22:08 +0000 2017
87058,matched_prev,Thanks. I have iOS 11.1.2,DM the country or region where you are currently located to continue. https://t.co/GDrqU22YpT,Wed Nov 29 07:51:40 +0000 2017
87060,matched_prev,I purchased one iphone 5s last December but now battery lasts less than 12 hours even with very few calls! What to do,"Thanks for reaching out. So we can look into that battery life with you, let us know the specific iOS version you are using currently.",Wed Nov 22 08:14:27 +0000 2017
87062,87064,"Thanks for taking attention on this matter. I’m not sure if this is a bug actually, but UI looks strange. I mean when I swipe to Control Center then StatusBar moves down. Why so? It’d be better to stay in it’s new home…","That is expected behavior with the Control Center and the status bar. However, we can help get you to the right place to make your suggestion about that. Provide your feedback here: https://t.co/eTPVYVFyd8",Thu Nov 30 20:40:54 +0000 2017
87069,matched_prev,"Yes, everything seems fine, it’s just Health and activity.","Let’s move to DM and look into this a bit more. When reaching out in DM, let us know when this first started happening please. For example, did it start after an update or after installing a certain app? https://t.co/GDrqU22YpT",Thu Nov 30 08:46:32 +0000 2017
87071,matched_prev,"I’ve restarted both, also un-paired then re-paired the watch.",Got it. When did you first notice that the two devices were not talking to each other. Do the two devices communicate through other apps such as Messages?,Tue Nov 28 22:53:50 +0000 2017
87073,matched_prev,"My iPhone is on 11.1.2, and my watch is on 4.1.",Thank you. Have you tried restarting both devices since this started happening?,Tue Nov 28 21:57:00 +0000 2017
87075,matched_prev,please read the above.,"Let’s investigate this together. To start, can you tell us the software versions your iPhone and Apple Watch are running currently?",Tue Nov 28 20:47:50 +0000 2017
87078,matched_prev,I completed them but still declined them. All :)),We can understand wanting to be able to download free apps without a payment method. This article will explain what to do if you cannot choose None as a payment method: https://t.co/rnB74M0zio Let us know what questions you have after reviewing the article.,Thu Nov 30 08:27:34 +0000 2017
87082,87084,Now this is popping up and my macintosh hd disk is no longer an option. This happened after I was downloading the new Mac OS Sierra. https://t.co/3uUwqn0PFg,"To make sure we're on the same page, where is Macintosh HD no longer showing? If you open up Disk Utility, do you see it listed on the left of that window?",Thu Nov 30 18:53:30 +0000 2017
87085,87086,"It was there, but no longer there. https://t.co/l4dLMQbpo4",Let's go ahead and reset the SMC on the Mac and see if it boots up as expected after that. DM us the result and we'll continue there. You can see how to do the reset here: https://t.co/FYojVXHuwn https://t.co/GDrqU22YpT,Thu Nov 30 19:18:00 +0000 2017
87090,matched_prev,is phone x available in Dubai i will travel for buy the phone,"Great question. You can purchase the iPhone X through this link here: https://t.co/iFSsrnD6fk If you need assistance, there's a phone number to our Apple Online Store or a link to chat support on that same page.",Thu Nov 30 09:01:22 +0000 2017
87133,87135,"Yes, it just said restoring at the bottom and everything went back to normal, any idea why it does that?","If you're using iCloud Photo Library on your iPhone, sometimes your Wi-Fi connection can interfere with the communication with iCloud. This is why restarting your iPhone will sometimes help. We're glad to hear your photos are back. DM us with any other questions. https://t.co/GDrqU22YpT",Fri Dec 01 03:38:00 +0000 2017
87136,87137,Got it! Thanks for your concern and reply.,You're very welcome. We're happy to do everything we can to make sure you enjoy every feature on your iPhone. Have a great night! https://t.co/GDrqU22YpT,Fri Dec 01 04:25:27 +0000 2017
87134,matched_prev,"I took a picture and when I went to the camera roll, about 11,000 photos went missing. I had around 24k, now at 13k.","We know how important your photos are, and we'd love to help. Since the photos disappeared, have you had a chance to restart your iPhone?",Thu Nov 30 08:33:51 +0000 2017
87139,matched_prev,battery awful since update IOS 11.1 why?? Can I go back and undo update??,That’s not the experience we’d like you to have with your battery. We don’t have a way to go to a previous iOS version. We’d like to start by confirming your iOS version in DM. Find it under Settings > General > About. https://t.co/GDrqU22YpT,Thu Nov 30 08:38:36 +0000 2017
87142,matched_prev,these battery issues are unacceptable! What’s going on ??,We'd like to help if you're experiencing issues with your battery. Which device is this happening with? Let us know in DM. https://t.co/GDrqU22YpT,Thu Nov 30 08:33:04 +0000 2017
87146,matched_prev,". hi - I’ve been awake since 6.15am and in two hours my iPhone is down to 16% - I’ve only been looking at Twitter on and off, listening to music. What’s happened to battery life on your phones? It was never like this before the latest update","We know how important it is to be able to depend on your battery. Reach out to us in DM and let us know when you first noticed that the battery life was not lasting as long as expected, which iPhone you are using, and if it seems worse when using certain apps. https://t.co/GDrqU22YpT",Thu Nov 30 08:14:38 +0000 2017
87150,87152,"I had contact with chat support before, they could not help me. My letter e and s on the keyboard are almost gone, MacBook is just 8 months old. Unclear about guarantees and repair costs 4-6 weeks! 😢",We can help. Reach out via DM using the link below and let us know what country you're located in. https://t.co/GDrqU22YpT,Thu Nov 30 15:42:00 +0000 2017
87151,matched_prev,"heb half jaar nieuwe #MacBook en dan dit probleem met #toetsenbord. Contact gehad met jullie supportchat. Zij kunnen niets doen, advies: MacBook opsturen, 4-6 weken kwijt, onduidelijk of t in garantie is. Ik kan MacBook niet zo lang kwijt. Weten jullie meer?",We offer support via Twitter in English. Contact us for help in your preferred language here: https://t.co/IBIY3vMgPj,Thu Nov 30 08:58:40 +0000 2017
87154,matched_prev,your product keeps freezing on me when I switch apps. Thought you fixed this last update but I guess not.,We understand you need to rely on your device and we want to help. Are you double pressing the Home button to switch to a different app when this occurs? Please send us a DM. https://t.co/GDrqU22YpT,Thu Nov 30 08:44:03 +0000 2017
87159,87161,Thank you for that but I followed those steps but I’m still receiving texts.,Then the best bet would be to reach out to your carrier about this issue.,Thu Nov 30 16:58:30 +0000 2017
87160,matched_prev,I’ve blocked a number but texts are still getting through. I thought blocking a number would stop calls AND texts? 🤔,We are here to help. This article can tell you more about blocking numbers in iOS. https://t.co/rYxZGDk3Lz,Thu Nov 30 08:32:43 +0000 2017
87164,87166,"Where I live I barely have service, so it says “no service” but I usually send texts through WiFi & it still doesn’t work. But now it’s working. Why is that?","Thanks for clarifying this. When you see ""No Service"" it means your iPhone can't connect to your cellular providers network. You should have the option to send and receive iMessages via Wi-Fi if you don't have access to the cellular network.",Thu Nov 30 16:28:01 +0000 2017
87167,87168,"Yes I know, I’ve been able to do that then it stopped working & I’m not sure why","Without troubleshooting the issue, we're unable to determine why this has happend. If it does again, reach out to us and let us know. We'll take it from there.",Thu Nov 30 16:57:02 +0000 2017
87175,matched_prev,I'm. Pretty sure this is spam. Just thought I'd pass it on https://t.co/LKhiuqtnox,"Thanks for bringing this to our attention. You are correct, this is a phishing email. If you'd like more information regarding these emails and how to report them, please check out https://t.co/LNMCdqt6fD.",Thu Nov 30 08:40:00 +0000 2017
87177,87179,It’s ok I know how to change it. It was just an unexpected and slightly annoying change when you’re expecting an audible alarm to go off based on previous experience!,"Alright, let us know if there's anything else we can help you with. Have a great day.",Thu Nov 30 17:53:27 +0000 2017
87182,matched_prev,find some more reports on that in this thread https://t.co/gcRQFDnGb8 (not the thread starter though),Let's get your Podcast app reflecting what you expect. Which iOS version are we working with? You can find that in Settings > General > About. Please DM us. https://t.co/GDrqU22YpT,Thu Nov 30 11:31:14 +0000 2017
87190,matched_prev,iOS 11 hangslike hell. This was never happened in past with iOS 10 n it’s before updates ..everyday it hangs. https://t.co/0v3dkLtQ5S,"Thanks for reaching out. We want to help look into this. Reach out to us in DM and let us know when you first noticed this, which iPhone you have, and if it only happens in the Phone app please. https://t.co/GDrqU22YpT",Thu Nov 30 07:26:51 +0000 2017
87194,matched_prev,Thanx for making imovie 1.10.8 unuseable! I cant even find a toolbar! Why ?,"Hey there! Thanks so much for reaching out to us about the newest version of iMovie! For help finding the toolbar, we'd recommend reaching out to our iMovie team direclty. Click here to get started: https://t.co/IBIY3vMgPj",Thu Nov 30 08:33:02 +0000 2017
87196,matched_prev,ok why did my phone run out of battery at 45% ? smh,"We'd love to look into this with you. DM us more information, including the model of iPhone and the exact version of the operating system it's running, and we'll get started. https://t.co/GDrqU22YpT",Thu Nov 30 08:14:53 +0000 2017
87198,matched_prev,you new update is crap it just drains the battery. 100%full 5 mins late 88%,"That's certainly not how we want the battery to be working for you. Let's work together. To start, DM us the device you're using and how many times you charge the device on a daily basis. https://t.co/GDrqU22YpT",Thu Nov 30 08:16:44 +0000 2017
87200,matched_prev,your updates are slowing down my iphone 7 plus. ios 10 was better.,Thanks for reaching out! Let us help with your iPhone. Which iOS version are you running on it currently? Do you know if all the apps are currently up-to-date on the iPhone? We ask as this can affect the performance.,Thu Nov 30 07:29:57 +0000 2017
87208,matched_prev,"My alarm keeps switching its self off at night, air plane mode, blue tooth are all turned on. Videos are playing, photos being taken and Snapchat messages being sent all while I’m asleep. What is going on?","That certainly isn't expected behavior, and we'll want to figure out what's going on. Send us a DM with the exact iOS version currently installed on your device and we'll go from there. https://t.co/GDrqU22YpT",Thu Nov 30 08:08:12 +0000 2017
87210,matched_prev,"Hi, I’m in Cyprus where they have no actual Apple Store. I have an iPad Pro 10.5 inch and it’s bent, despite being in a good quality case since I bought it. What can I do? It also has a dead pixel and rotation issues. Thanks",We'd be happy to look into this with you more in detail. Please reach out to us via DM and we'll get started. https://t.co/GDrqU22YpT,Thu Nov 30 07:37:43 +0000 2017
87212,matched_prev,facing problem with google maps on my iPhone 6 after updation of iOS 11.1.2 as map not taking my location and showing driving directions please support,We'd be happy to see what's going on with your location. Are you seeing the same behavior in the Maps app?,Thu Nov 30 07:34:11 +0000 2017
87214,matched_prev,i signed out of my apple id on my phone & when i signed back in tons of my music wasnt in my library/no longer downloaded & my playlists were gone. i have an apple music membership. everything on my computer stayed the same however. how do i get it back to normal??,We received your DM and We'll respond there shortly. Talk to you soon!,Thu Nov 30 07:19:18 +0000 2017
87216,matched_prev,"I spent the evening at Grand Central due to a continued terrible and mysterious ""FaceID true depth camera disabled"" error and received no solution - help! https://t.co/B8OBCN0BZz",We'd be happy to look into this with you. Let us know via DM which version of iOS you're running on this iPhone X. We'll go from there. https://t.co/GDrqU22YpT,Thu Nov 30 06:56:05 +0000 2017
90225,90226,iPhone Mac laptop and iPad,We want to help. Let's continue in DM. https://t.co/GDrqU22YpT,Thu Nov 30 16:48:40 +0000 2017
81772,matched_prev,Why are all my Apple gadgets slowing down all of the sudden,We want to help. What do you mean by gadgets?,Thu Nov 30 12:13:02 +0000 2017
90228,matched_prev,this is really starting to wind me up 😂🙃 this iphone 8+ is not a few months old and has been doing this since i got it https://t.co/pMi6G8VVaY,An unresponsive iPhone is never fun. Let us know which version of iOS you’re currently running in DM. We’ll continue working on this issue with you there. https://t.co/GDrqU22YpT,Thu Nov 30 12:07:53 +0000 2017
90232,90234,I‘m using ios 11.1.2 was the same since the ios11 update. Message says „no connection available at the moment“... repeat? Same error on my ipad with ios 11.1.2,Thank you for those details. Does this happen when you use Wi-Fi and cellular data?,Thu Nov 30 16:25:00 +0000 2017
90237,90238,"Just made rhe reset. No change, still no connection","Thanks for completing that step. We see you're connected to a Hotspot rather than a Wi-Fi network. Please test this on a different Wi-Fi network, and let us know the results here: https://t.co/GDrqU22YpT",Thu Nov 30 19:18:00 +0000 2017
90239,90240,Not working on 4g and not working with another wifi,Thanks for checking that. Let's continue in a DM. Please tap here: https://t.co/GDrqU22YpT,Thu Nov 30 19:25:29 +0000 2017
90233,matched_prev,#podcast issue on #ios11 https://t.co/JGYm7u6vpT,We'd be happy to look into this with you. Can you tell us what the message says in the screenshot and which version of iOS 11 you're using?,Thu Nov 30 12:10:59 +0000 2017
90242,matched_prev,"+++ Siz de benzer şekilde sorun yaşıyorsanız lütfen ""High Sierra random display sleep"" başlığına şikayet yazın. https://t.co/LLu39AV5K2",We offer support via Twitter in English. Contact us for help in your preferred language here: https://t.co/IBIY3vMgPj,Thu Nov 30 12:15:44 +0000 2017
90246,matched_prev,Só nessa manhã meu app do Twitter já encerrou sozinho 3x. Tá ficando complicado. pelo amor de Deus,"Since our Twitter support is available in English, get help at https://t.co/IBIY3vMgPj or join https://t.co/pvaOFfPbjt",Thu Nov 30 12:26:04 +0000 2017
90251,matched_prev,I’m still having major battery issues since downloading 11.0.3 despite 3 trips to an Apple store and a complete reset done by the store. When is this software issue going to be resolved?,"Let us help you sort this out. To begin, please update your device to iOS 11.1.2. However, make sure your device is backed up first. Once backed up, go ahead and get your iPhone updated: https://t.co/80YRnjDFDk DM us if the issue persists. https://t.co/GDrqU22YpT",Thu Nov 30 12:10:34 +0000 2017
90253,90255,"Whenever I turn my brightness up or down, a few minutes later it randomly changes (generally to highest or lowest, but sometimes random too)",OK. It sounds like you may have auto-brightness enabled. When this is enabled you'll notice that your device's brightness slider moves according to changing light conditions. Check out this article to disable that: https://t.co/bkqEVCrK2l,Thu Nov 30 17:13:26 +0000 2017
90254,matched_prev,ever since iOS 11 update my brightness has been absolutely screwed. Any suggestions??,Hi. We're here to help you. Tell us more about what's happening with your display brightness and we'll do what we can to help.,Thu Nov 30 11:52:30 +0000 2017
90257,matched_prev,"No, I think this needs to be public so it can help other people. So the phone is now dead and won’t charge, regardless of what charging cable I use or what I plug it into. What are you going to do about that? #iPhonebattery #iOS11","Let us gather information in order to help look into some options for you. We'd like to continue in DM in order to keep your information private. Whenever you're ready, we'll continue the conversation there. https://t.co/GDrqU22YpT",Thu Nov 30 11:55:33 +0000 2017
90259,matched_prev,Where’s the fix for battery killing iOS 11.1.2? 15 minute battery life is not acceptable.,We know how important battery life is. We'll do everything that we can to ensure you're getting the most out of your. Click here to join us in DM: https://t.co/GDrqU22YpT,Thu Nov 30 01:41:42 +0000 2017
90261,matched_prev,it's even worse after the latest security update. the system login as administrator automatically after restart or shutdown. without asking for password.???????????😯,"Reach out to us via DM and let us know the type of Mac that you have, then we can work with you to get this resolved from there. https://t.co/GDrqU22YpT",Thu Nov 30 12:28:36 +0000 2017
90532,90534,"That last message was directed at , I’ve spoken to Apple Support who were great and are investigating for me.","OK perfect, happy to see! We just wanted to ensure you had a resolution! Feel free to reach out if we can be any further assistance. Our office hours are 7 days a week, from 5AM - 8PM PDT. If you contact us after business hours, we'll respond the following day.",Thu Nov 30 16:01:29 +0000 2017
90533,matched_prev,"It’s been 3 days, I can’t get hold of anyone at your company and my parcel is lost in the abyss of your system… what’s going on?",Are you using the link from the previous message?,Thu Nov 30 12:27:55 +0000 2017
90538,matched_prev,Just received new unit of iPhone X. First had horrible yellow screen and this is even worse. Is gonna finally admit that the some screens are not as good as they claim to be? #Apple #iPhoneX,Congratulations on your new iPhone! Let's get to the bottom of what's going on. Please send us a DM with your country and we can get started there. https://t.co/GDrqU22YpT,Thu Nov 30 12:05:16 +0000 2017
90540,matched_prev,"I got message notifications but doesn’t show messages in the actual app, been happening since I updated",We'd be happy to help. What is the actual version you have installed? You can check in Settings > General > About. Tell us more about what's happening in DM. https://t.co/GDrqU22YpT,Thu Nov 30 12:30:51 +0000 2017
90542,matched_prev,"tengo el iPhone 7 plus, no me permiten ni descargar el archivo iPSW",We offer support via Twitter in English. Get help in Spanish here: https://t.co/IBIY3vMgPj or join https://t.co/OczyRx7IOs,Thu Nov 30 12:07:41 +0000 2017
90551,90555,"This ‘unread’ message will not go away. Can’t send to junk, can’t delete... https://t.co/6ADaGO9816",We totally understand and would like to help. Please join us in Direct Message to start troubleshooting: https://t.co/GDrqU22YpT,Thu Nov 30 18:50:50 +0000 2017
90557,90558,Help ...just updated to iOS 11.2 and STILL this scam e-mail will not move to junk or delete or go away! It’s driving me crazy! HELP!,We're happy to look into this with you. What kind of email account are you having this issue with?,Sat Dec 02 20:10:00 +0000 2017
90554,matched_prev,Sort it out ... e-mail app not working #iPhone8,"Hey, can you tell us what's going on with the Mail app, specifically? Also, to clarify, are you referring to the native Mail app or a third-party mail app? Let us know some details and we'll work towards a solution.",Thu Nov 30 12:06:28 +0000 2017
90560,matched_prev,"So every time I go on YouTube and I watch any kind of video, the video stops like it pauses on its own. Idk if it’s a glitch or something. #apple I’m guessing it’s from the newest beta.","Hey, we'd like to learn some more details on what's going on so that we can help. Send us a DM and we'll go from there. https://t.co/GDrqU22YpT",Thu Nov 30 12:33:34 +0000 2017
90562,matched_prev,All of my photos have disappeared off my phone! Just out of nowhere..they’re gone,Hello. We definitely know that your photos are important and we are here to help. Have there been any recent changes to your device? Do you use iCloud Photo Library.,Thu Nov 30 12:16:49 +0000 2017
90565,90567,"IT Just keeps asking me for my password multiple times, to log in to my account and just keeps loading for a long time without downloading","Thanks. Since this started have you restarted your iPhone at all? If not, let's do that now. Does the issue continue?",Thu Nov 30 16:18:29 +0000 2017
90566,matched_prev,Thanks for replying! The newest one I suppose - 11.1.2,"Perfect thanks. When you try to update, what happens? Do you receive any error messages?",Thu Nov 30 12:10:15 +0000 2017
90571,matched_prev,I cannot download and update apps on my iPhone 7 ☹️ and it’s not the first time.. really annoying and frustrating,"That's not the experience we want for you, but we're glad you reached out. So that we can get you back to enjoying your apps, what specific iOS is running under Settings > General > About?",Thu Nov 23 20:57:15 +0000 2017
90573,matched_prev,I am trying to update my apps in App Store but it says that I need to pay.,Hello. There appears to be a billing issue with a previous purchase. Check this out and let us know if it helps: https://t.co/U96y4MTG7k,Thu Nov 30 11:28:48 +0000 2017
90575,matched_prev,why does my phone jump from 60% to 30% phone battery and then die before it reaches 20%? So annoying 🙃🙃,We definitely know you need to rely on your iPhone battery. Let's get this figured out. Which iPhone model do you have? Please DM us. https://t.co/GDrqU22YpT,Thu Nov 30 11:52:45 +0000 2017
90586,matched_prev,"Thanks for the lead, but still got activation issues. What's the best way to get more help?",Let's look into this a bit deeper. Let us know in DM which country you're located in. https://t.co/GDrqU22YpT,Thu Nov 30 11:45:46 +0000 2017
90588,matched_prev,Do I really need to update my OS to login to FaceTime on my mac? Seems extreme? Used to work fine now get ‘activation error’.,"That's a great question! While we do recommend keeping your macOS up-to-date, here are a few more steps that you can try: https://t.co/a3pjcxysN2",Wed Nov 29 02:12:46 +0000 2017
90590,90592,"I think -for some reason- it works as it would right now. If the problem keeps occuring, I will contact you via DM. Thank you for the attention. ^^",That sounds like a plan! We hope you have a great day.,Thu Nov 30 16:13:29 +0000 2017
90591,matched_prev,The last upgrade really messed up my macbook. It works way too slower and spends 10%~/h charge. Is it normal?,"We're here to help! For the battery, we'd first recommend checking out this article: https://t.co/IS1pJIaZuf For the performance, how much RAM is in your computer? Which apps are open? Let us know in DM using the following link and we'll get started. https://t.co/GDrqU22YpT",Thu Nov 30 11:08:02 +0000 2017
90594,matched_prev,"I've lost my I phone 6 on Wednesday night in Kolkata, India please help me to find the phone or track the phone.","This is never a fun experience. Did you have iCloud with Find My iPhone enabled on the device? If so, you can go to https://t.co/tmRhWEkIq4 to track the device.",Thu Nov 30 12:01:10 +0000 2017
90596,matched_prev,why does this keep happening 😐 https://t.co/TQ2bz8CY0R,"An update has been released to assist with this issue. If you haven’t yet, please back up your device and update it to iOS 11.1.2. For more info, check out: https://t.co/4f8hwT5to6",Thu Nov 30 11:19:02 +0000 2017
90598,matched_prev,"Yep, a lot slower. Try restarting a few times","If you're noticing your iPhone running more slowly that expected, we'd love to look into what's going on with you. Please shoot us a DM and we can get started there. https://t.co/GDrqU22YpT",Thu Nov 30 11:48:49 +0000 2017
90605,90607,Am using 11.0.3 version but when ever listening to music the phone hits while consuming power at Avery fast rate and am using the usual music player,"Can you clarify for us what you mean when you say that the iPhone hits? Also, let's go ahead and back up your device and update the iOS to the latest version. Afterwards, let's see if you notice an improvement with the battery life.",Thu Nov 30 16:23:28 +0000 2017
90608,90609,Thanks Apple the issue is sorted after updating to iOS 11.1.2,We're glad to hear that! Feel free to reach out to us again in the future.,Fri Dec 01 15:03:00 +0000 2017
90606,matched_prev,iOS 11 has some issues the phone hits and runs up battery very fast when ever music is on for some time yet it was not with iOS 10,"To clarify, are you noticing an increase in battery usage when listening to music? Which app are you using for music? Also, what's the exact iOS version currently installed? Let us know the details and we'll work towards a resolution.",Thu Nov 30 11:48:02 +0000 2017
90611,matched_prev,"iTunes - when syncing - backs up, determines which tracks to sync then goes straight to applying changes which goes on forever and syncs nothing. I have imported 4 CD's in the past week and only 1 is on my ipod.","Follow up with us in DM. Tell us if the issue persist after rebooting your devices, and tell us if you're using a Windows or Mac computer there. https://t.co/GDrqU22YpT",Thu Nov 30 10:53:04 +0000 2017
90616,matched_prev,I'm developing a new app. This app can access the photo library but doesn't have any photo library usage permission. Is it a bug? #Apple #appleBug #iosbug #swiftlang #iosapp #iOS11 https://t.co/9l6qNIGlSo,Let's get you in the right place for help. You'll want to reach out for Developer Support here: https://t.co/MN29maiV1D,Thu Nov 30 11:16:50 +0000 2017
90620,matched_prev,Four videos are suddenly gone from my phone...would the automatic iCloud backing-up do that? Clear space by transferring them there?? That's the only thing that could make any sense.,Let's check some settings on your device. Tap Settings > Photos. Is iCloud Photo Library on? Have you signed out of your Apple ID?,Thu Nov 30 11:40:53 +0000 2017
90623,matched_prev,"The connection is always correct, song info is displayed. 9 out of 10 times closing Waze is solving the issue and the audio is streaming again.",Let's continue in DM together: https://t.co/GDrqU22YpT,Thu Nov 30 11:02:17 +0000 2017
90625,matched_prev,"iPhone6s running 11.1.2, I reproduced issue, caused by v.4.32.0.2 running in the back preventing or streaming audio via BT","If we force close the Waze app, are you able to successfully stream to Bluetooth and remain connected?",Mon Nov 27 07:35:31 +0000 2017
90627,matched_prev,Having loads of issues with bluetooth audio streaming since iOS11 in combination with updated apps,We'll do everything we can to help out. What version of iOS 11 is running and on what device? Are you having issues connecting to a specific Bluetooth device?,Sat Nov 18 05:37:26 +0000 2017
90630,matched_prev,is there any way I can check if someone had an access to my laptop due #iamroot security issue?,"Hey, thanks for reaching out. Let's meet in DM and we can continue from there. https://t.co/GDrqU22YpT",Thu Nov 30 11:26:20 +0000 2017
90632,matched_prev,"I purchased a Macbook Pro 13"" Touchbar and within 4 days discovered keys were going hard, not inputting properly - should this machine be immediately replaced. If it has to go into a repair centre first, can you say why?",Thanks for reaching out. We can definitely look into your optoins with you. Send us a DM and we'll go from there. https://t.co/GDrqU22YpT,Thu Nov 30 10:53:41 +0000 2017
90634,matched_prev,Again https://t.co/XmQ6ATkDu2,"We'll do all we can to help. To get started, let us know what iOS 11 version is currently installed via DM: https://t.co/GDrqU22YpT",Thu Nov 30 10:52:19 +0000 2017
90637,matched_prev,#iOS1112 notifications on the lock screen are buggy yet.,We can help out with that. Would you be able to provide more details on what's happening?,Fri Nov 24 12:02:49 +0000 2017
90641,matched_prev,So my IPhone 6s was on 100% at 10:00am. It’s 10:37am. I’ve been listening Spotify. It’s gone from 100% to 15% in 37 minutes. Surely that’s not normal,"We can help out with battery life. Do you know what version of the iOS is on the device? If not, you can check under Settings > General > About > Version.",Thu Nov 30 10:38:20 +0000 2017
90643,matched_prev,My account is associated with a corporate iOS developer account.,"OK! Take a look here for a few reasons you may not be able to choose ""None:"" https://t.co/rnB74M0zio For more help with this, please contact our iTunes Store team: https://t.co/SDIe7UiyJN",Thu Nov 30 11:10:32 +0000 2017
90645,matched_prev,"I can't seem to use the payment option ""none"" on my account. Any suggestions as to how I can resolve this without entering payment details? https://t.co/UCcccGbPQq","We can get to the bottom of this together. To begin, do you have any active subscriptions or memberships?",Mon Nov 27 10:14:24 +0000 2017
90647,matched_prev,Hello! Do you guys know if it is possible to store the Photos app library in a NAS? I don’t need to sync iCloud. Thank you!,"Hey, we can get you pointed in the right direction for questions regarding Photos. Please reach out to our Photos experts using this link: https://t.co/IBIY3vMgPj They'll help you out.",Thu Nov 30 10:59:23 +0000 2017
90649,matched_prev,"Hey can you let me know why my iPhone 6 (normally fit&well, no previous issues) suddenly has battery issues, mic doesn't work, so can't make calls...I won't be upgrading if that's what you want 😂 but I've paid for the phone now so... solve this pls?😃🙌🏽","We can certainly work with you to sort this out. First, let's take a look into the battery life. So that we can gather some details, can you tell us the exact iOS version currently installed? Also, what sort of battery issues are you experiencing?",Thu Nov 30 11:44:28 +0000 2017
90659,matched_prev,"Can you sort an update to put back the option to turn off auto-brightness, . Burning my battery and my retina.","That setting hasn't been removed. If you're using iOS 11, you can turn it off in Settings > General > Accessibility > Display Accommodations.",Thu Nov 30 10:45:30 +0000 2017
90661,matched_prev,new iOS turns bluetooth back on each time I power down and reboot my iPhone 6plus. Pretty annoying since turning it off helps battery life.,We're happy to help with your Bluetooth and Wi-Fi. With iOS 11 there were a few changes to how you can control your connections. Please check out https://t.co/G7BHuQnDS6 for details.,Thu Nov 30 10:55:50 +0000 2017
90664,matched_prev,hello my iPhone is a couple of months old and has started randomly switching itself off. I’ve managed to turn it on using a power source but there’s 40% battery. Any advice?,Thanks for reaching out to us. We are always happy to help. Send us a DM so we can look into this issue with you together. https://t.co/GDrqU22YpT,Thu Nov 30 10:48:18 +0000 2017
90666,matched_prev,"I'm trying to recover my Apple ID and when I do it says ""cannot verify account we apologise but we are unable to verify your account information online""",Being able to access your Apple ID is important. Reach out to the Apple ID team to help take a closer look here: https://t.co/UJm15vmMM2,Thu Nov 30 10:43:26 +0000 2017
90668,matched_prev,why can’t I see notifications in my lock screen? Eg a text comes up as ‘text notification’ can’t see who it’s from and it’s starting to seriously annoy me 😟,We want you to be able to see your notifications properly. When did this start? Which iOS version are you running? Please reply in DM. https://t.co/GDrqU22YpT,Thu Nov 30 10:12:06 +0000 2017
90673,90674,Here we go! Any ideas? https://t.co/TnZTVZRH6w,We're glad you were able to partially resolve your issue. Let's continue via DM. Reach out using the link below and let us know if you've restared your Mac since making these changes. https://t.co/GDrqU22YpT,Fri Dec 01 15:02:05 +0000 2017
90671,matched_prev,"kernel panic last night, today all my application icons are missing… Whats happened? https://t.co/izmgzNa2vC",We'd be happy to look into this with you. Could you tell us which version of macOS you're running? Do the icons for those apps look normal in the Applications folder?,Thu Nov 30 10:07:14 +0000 2017
90676,90678,"Ok thats helpful, but my questions was, if there is a way to rename this automations. https://t.co/fnNiKo498S","OK! Let's take a closer look at this. Please send us a DM, so we can gather a few more details. https://t.co/GDrqU22YpT",Thu Nov 30 15:57:33 +0000 2017
90677,matched_prev,"Hey, is there a way, to Name a specific automation in the iPhone https://t.co/5rrxuQSbLQ? Like „Christmas-Lights“.",Thank you for reaching out to us. We're happy to help. Take a look here for more information: https://t.co/ept6Vf2rqU,Thu Nov 30 10:35:50 +0000 2017
90680,matched_prev,"#Apple #macOS users/geniuses HALP! 🍎 My computer won't work! I get the first screen of writing, then it tries to load, then the tiny writing in the top left hand corner, it repeats all this about 10 times, then the 🚫 symbol, then it shuts down 🤔😕 https://t.co/zCZQV9FQyp",We'd like to help you with your Mac. Take a look at the steps and information here: https://t.co/rO42NAGDmI Let us know if you still need help.,Thu Nov 30 10:34:07 +0000 2017
90683,matched_prev,"Beste , hoe zorg ik ervoor dat foto’s en filmpjes niet DIRECT in iCloud worden opgeslagen? Echt totaal idioot dat ik ze, twee minuten na het nemen, weer moet downloaden om ze aan iemand te versturen. Help, bitte!",We offer support via Twitter in English. Contact us for help in your preferred language here: https://t.co/IBIY3vMgPj,Thu Nov 30 14:41:15 +0000 2017
90688,90691,This is what I currently have.The free storage amount keeps changing?I have added no other apps or photos or videos. https://t.co/LjZ6lSWzoA,We always want to help you get things working as they should. DM us and we'll continue there. https://t.co/GDrqU22YpT,Thu Nov 30 16:10:01 +0000 2017
90690,matched_prev,HELP.Why does my iPhone 5 se not record long videos?I have 34mb free on my phone everything else is in the cloud except for running apps.34mb and it will only take 50sec video?RAGING!!! #iPhone #Help #iphoneproblems,"We'd be happy to look into what's causing you to not be able to take videos longer than 50 seconds. Are you able to take multiple videos that cut off at 50 seconds, or do you have to delete one to record another?",Thu Nov 30 10:03:56 +0000 2017
90600,90601,Anyone else’s iPhone been nothing but dead since iOS 11 update? Sort it out,"Thanks for reaching out! It’s important that your iPhone is reliable so you can stay in touch with friends and family. Let’s get to the bottom of the issues you’re having. To start, which version of iOS 11 are you running on the iPhone currently?",Thu Nov 30 14:45:39 +0000 2017
90693,90694,"11.1.2 and I’d say 50% of the time I open any App it crashes, battery life has significantly dropped and phone randomly resets. None of which were issues before update.","We appreciate you sharing these details with us. Do you know if all the apps are currently up-to-date on the iPhone? We ask as this can affect the performance. Also, when you say the iPhone resets, does it just restart or is it resetting your data?",Thu Nov 30 15:55:29 +0000 2017
90695,90696,"All of the apps are up to date, so that isn’t the reason. It restarts, not resets data.",Does the iPhone show an Apple logo when it restarts or does it show a spinning gear icon? Let us know in DM. We’ll continue working with you there. https://t.co/GDrqU22YpT,Thu Nov 30 16:33:00 +0000 2017
90697,90698,I have a similar issue to this.,We'd like to help out with that. When did you first notice this? Did you notice it before the upgrade to iOS 11? Let us know in DM. https://t.co/GDrqU22YpT,Thu Nov 30 18:06:28 +0000 2017
90702,90703,"Updating the phone using iTunes is the only option left. The network is fine, why can't i do it directly on the phone..It always used to do before..",Are you receiving any specific error messages when trying to download the update on your iPhone over Wi-Fi?,Thu Nov 30 16:10:34 +0000 2017
90705,90706,"Yes, it circles for around a minute and then it gives ""An error occurred while checking for software update""...","Thanks. Were you able to work through the steps in that article? If so, do you receive the same error message when you test with another network?",Thu Nov 30 17:42:27 +0000 2017
90707,90708,It’s still the same with other networks,And you aren't getting a specific error message? DM us and we'll do all we can to get you going. https://t.co/GDrqU22YpT,Thu Nov 30 19:32:38 +0000 2017
90714,matched_prev,82% dropped to 37% in just fifteen minutes.,Having reliable battery life is important! Let us help you with your iPhone. You’ll want to start by making the recommended changes listed here: https://t.co/bivpdfBNJ6 DM us if you’re still having issues after testing out the changes. https://t.co/GDrqU22YpT,Thu Nov 30 09:54:26 +0000 2017
90719,matched_prev,and the fix has been locking my screen when idle for just 3/4 minutes. annoying to put password repetitively. 😬 https://t.co/Cxjww4rrTl,"Let's take a look at what's going on with your password together. First, we need to check some of your settings. When you go to System Preferences > Security & Privacy > General, when is the password required? Let us know in DM and we'll get started. https://t.co/GDrqU22YpT",Thu Nov 30 10:41:04 +0000 2017
90721,matched_prev,yep i've done that loads of time but it won't work,Got it. DM us and tell us when you first noticed this issue and we'll continue there. https://t.co/GDrqU22YpT,Thu Nov 30 10:24:33 +0000 2017
90723,matched_prev,hello please help my messages app won't work it hasn't for a while when i click to open a message the app closes,We can help. Are you able to force close all of your apps? This might help: https://t.co/RqqIctrDWV. Once that is done please try the Messages app again.,Wed Nov 29 18:45:21 +0000 2017
90727,matched_prev,how do I cancel my Apple music trial there is no option to?,"Check out this article, it will provide the steps to cancel a subscription: https://t.co/YKDbvueXrq",Thu Nov 30 10:30:37 +0000 2017
90756,matched_prev,My phone’s rebooting every 2 mins,"Thanks for reaching out to us for support! Let's give the steps in this article a shot, they should resolve it for you: https://t.co/osZOKKTalm https://t.co/GDrqU22YpT",Sat Dec 02 13:13:45 +0000 2017
90933,90935,Thanks for the reply. Followed these steps earlier today based on a users post on internet. Glad to see an official Apple support page response too. Thanks.,We’re happy to hear the situation was resolved. Please message us back if you’ve got any other questions in the future. We're online every day from 5am-8pm PST.,Sat Dec 02 20:42:30 +0000 2017
90990,matched_prev,"hello, my iPhone 7 keeps crashing? Help",We're here to help you. Let's follow the steps in this article: https://t.co/osZOKKByWM Before updating we recommend creating a backup of your device. If you continue to have issues DM us and we'll look into things a bit closer there. https://t.co/GDrqU2kzhr,Sat Dec 02 12:26:47 +0000 2017
92523,92525,11.1.2. iPhone 6 (upgrade is coming),Thanks. Let's look into that further. Send us a DM and we'll go from there. https://t.co/GDrqU22YpT,Thu Nov 30 16:19:35 +0000 2017
92527,matched_prev,been trying to get help on the website for hours. No response and nobody free to chat to. I can't update my phone and I think it has a virus. Any help?,We received your DM and we're happy to follow up with you there shortly. We look forward to helping you get that iPhone updated and addressing any other concerns you may have. https://t.co/GDrqU22YpT,Thu Nov 30 13:57:55 +0000 2017
92531,matched_prev,Why are you not warning customers about the elaborate scam I just experienced yesterday?!?,Did you receive a phishing email? We can help with that! Tell us more about what you experienced please.,Thu Nov 30 14:15:33 +0000 2017
92535,matched_prev,Apple Music?? That way I've lost a lot of unnecessary money and I still can't listen to albums and single offline or most of the time even with WIFI because it keeps telling me I need an Apple Music plan for my ITUNES music?? please help,We'd like to see what's going on with your music you purchase. DM us and let us know which device you are purchasing the music on and if you have iCloud Music Library enabled. We'll get started there. https://t.co/GDrqU2kzhr,Thu Nov 30 14:17:24 +0000 2017
92540,matched_prev,I just came back from Apple Reseller for a dying iPhone speaker. They asked for my password in front of every other customers (the phone was as the back of the store). Is it the normal procedure??? I refused.,"We'd like to take a look at this with you. Reach out to us via DM and let us know which country you're in, and the location that you visited. Then we can go from there. https://t.co/GDrqU22YpT",Thu Nov 30 14:29:26 +0000 2017
92543,matched_prev,"Since downloading the latest iOS update, watching the battery life on my iPhone 6s Plus go from 100% to 88% in under 1 minute is not a joyous moment 😡",We know how vital the battery is. We want to look into this further with you. Were you using a specific app when this occurred? Please DM us. https://t.co/GDrqU22YpT,Thu Nov 30 13:57:33 +0000 2017
92547,matched_prev,"Is it just me or do others experience problems with people hearing you when calling on your iPhone?! Or maybe we’re not supposed to speak on phones anymore!! Mine’s a new 7, so not impressed 😡",We know how important it is for you to be heard when you’re making calls. Let’s look into what’s happening on your new iPhone 7 together. Send us a DM with the results after following these steps: https://t.co/uQ2iN69dmS https://t.co/GDrqU22YpT,Thu Nov 30 14:11:49 +0000 2017
92549,matched_prev,"Señores el nuevo #iOS me tiene el celular completamente lento: no puedo tener dos apps abiertas porque inmediatamente la pantalla se congela, para cuando actualización?",We offer support via Twitter in English. Get help in Spanish here: https://t.co/IBIY3vMgPj or join https://t.co/OczyRx7IOs,Thu Nov 30 13:31:22 +0000 2017
92557,92558,"I did an icloud backup two days ago, i’ll update my software","Let us know when that's done, and if the issue persists Direct Message us. https://t.co/GDrqU22YpT",Thu Nov 30 17:03:00 +0000 2017
92555,matched_prev,why is my battery dying twice as fast on my brand new iphone x than it did on my year old iphone 7+ ?? like seriously the battery is draining super quick,We'd love to help you improve battery life. Do you know what version of the iOS is on the device?,Thu Nov 30 14:10:18 +0000 2017
92621,matched_prev,"My iPad says the software up to date, but I can't find the new emojis. Can you help please?","We want you to enjoy those emojis, so let us help you sort this out. Follow the steps here to get those working: https://t.co/al34j7NnHh DM us if you run into any trouble: https://t.co/GDrqU22YpT",Thu Nov 30 13:44:40 +0000 2017
92623,matched_prev,iOS 11.1.2 😐,Let us know what country you're in via DM and we'll continue from there: https://t.co/GDrqU22YpT,Thu Nov 30 14:15:34 +0000 2017
92625,matched_prev,my battery life when i first got my 7+ lasted two days without charging it. now this shit barely makes it past 3pm. this is not okay!!!,We're happy to assist. Which iOS version are you currently running? Go to Settings > General > About for the version.,Wed Nov 29 18:57:54 +0000 2017
92627,matched_prev,1 dia e meio no chat com o com chuva de textão A TOA,"Since our Twitter support is available in English, get help at https://t.co/IBIY3vMgPj or join https://t.co/pvaOFfPbjt",Thu Nov 30 14:28:50 +0000 2017
92632,92634,"iPhone X, 11.1.2","Thanks for sharing that with us, can you confirm in a Direct Message if you delete all the previous alarms and create a new one if it works 5 minutes into the future. https://t.co/GDrqU22YpT",Thu Nov 30 16:42:00 +0000 2017
92633,matched_prev,My alarms have been going off silently the last few days. Have yet to figure out why.,"We'd be happy to help you with this. Can you tell us which model iPhone, and iOS version you are currently using please?",Thu Nov 30 14:06:49 +0000 2017
92642,matched_prev,when’s the next update ? Since the last one my phones slower than a slug 🐌!!!,"Hey. We're here to help you. Just to confirm, you're running iOS 11.1.2, is that correct? Let us know in DM and we'll look into your issue. https://t.co/GDrqU22YpT",Thu Nov 30 13:42:07 +0000 2017
92644,matched_prev,Does Apple Pay work via text as yet?,Thanks for reaching out. This feature is coming this fall. More information about this here: https://t.co/LVMJqqcDhs,Thu Nov 30 13:15:18 +0000 2017
92646,matched_prev,anything I can do about this? https://t.co/wnjMy30i7M,Always happy to help. This might be helpful in getting that case in order there: https://t.co/95FB0vc1dM,Thu Nov 30 13:36:37 +0000 2017
92650,matched_prev,"Since the last 2 updates my #128GBiPhone7 has #slowed to a crawl (15 seconds) unlocking & opening apps, mail etc. Something, somewhere has changed. And I don’t like it one bit.",We'd like to take a closer look at what's happening. Please DM us your current iOS version and country. https://t.co/GDrqU22YpT,Thu Nov 30 14:00:27 +0000 2017
92652,matched_prev,"disappointed with what’s happening to my iPhone 6. It’s freezing, can’t type, doing things on its own, having to restart every damn minute. I’m over it, please fix this issue! It must be that update bc my phone was fine a few weeks ago!",We'd be happy to assist with your iPhone today. Send us a DM to get started. https://t.co/GDrqU22YpT,Thu Nov 30 13:46:23 +0000 2017
92658,matched_prev,"can you please tell me how you transfer for example, videos from PC to my iPhone. I have tried various ways but none have worked. Movies/ Videos bar appears blank in iTunes..",We'd be happy to help. Which version of iTunes are you running? What is happening when you try to sync them to your iPhone?,Thu Nov 30 13:49:50 +0000 2017
92668,92670,Yeah it was actually a normal software update that’s done now. Just frustrating as it was at midday!,"Thank you for letting us know. If you'd like to leave feedback about this, please do so here: https://t.co/eTPVYVFyd8",Thu Nov 30 16:10:33 +0000 2017
92669,matched_prev,"Mac wouldn’t wake from sleep today, had to force reboot, now it’s doing this. If this is how emergency security patches are installed, it’s not very friendly. https://t.co/ylaToAcVxC",We understand how this would be disruptive when you need to use your Mac. Has the update completed? Are you able to use your Mac? https://t.co/GDrqU22YpT,Thu Nov 30 12:59:26 +0000 2017
92676,matched_prev,"Huh, iPhone X, a phone that doesn’t support landscape home screen, attempting a landscape home screen! #uxdesign #apple #iphoneX #ux #iphone https://t.co/XsV1tZRTIK",We'd like to look into this. DM us and tell us which version of iOS you're running. Find that under Settings > General > About. https://t.co/GDrqU22YpT,Thu Nov 30 13:30:30 +0000 2017
92678,92680,Thanks a lot. I have a 7 and OS 11.1.2. I managed to shut it off by holding the sleep and both volume buttons and it restarted that way. I wasn’t aware of that method before then. Still confused about the glitch though.,"Perfect. That's what our next suggestion was going to be. Glad you figured that out, and got back into your iPhone 7. Do you recall which app the notification belonged to? We'd like to see if we can prevent this from happening again.",Thu Nov 30 16:17:34 +0000 2017
92681,92682,I’m glad I figured it out too. There’s only so many buttons on an iPhone. 😅 It was my Message app.,"For sure. Do you recall if there were several notifications crowding the lock screen, or just a few message notifications? Meet us in DM so we can provide guidance on trying to prevent this from recurring. https://t.co/GDrqU22YpT",Thu Nov 30 16:45:36 +0000 2017
92684,92686,iOS 11.1.2 but it’s been an issue for quite a while now...maybe since the last version of iOS 10.x. All of other Apple products work as expected. I can manually open Safari and navigate to https://t.co/gXbKvv9iHf and that will work most of the time.,Okay. Join us in DM so we may better assist you: https://t.co/GDrqU22YpT,Thu Nov 30 16:45:00 +0000 2017
92685,matched_prev,Good morning! My iPhone has been unable to join a “captive Wi-Fi network” like you find in many public coffee shops. Can you help?,We're happy to help get this Wi-Fi issue taken care of. Can you tell us which iOS version you are currently using please?,Thu Nov 30 13:39:59 +0000 2017
92699,matched_prev,": when a purchase to gift at a later day is made , will the charges take place at the moment of the purchase or on the delivery date ?","Great question. On any purchase, you are charged at the time of the transaction. Get in touch with our Sales team if you have any further questions: https://t.co/8yjRd1Xo0i",Thu Nov 30 13:23:28 +0000 2017
92701,92703,Thanks for getting back to me. Confirmed IOS up to date (11.1.2). This does persist after rebooting.,Have you tried disconnecting and reconnecting? This article explains further: https://t.co/eqRjET05nq,Fri Dec 01 16:38:00 +0000 2017
92704,92705,"Yes. I think the problem rests with the keyboard. I believe this one is slightly defective as the ‘pins’ do not line up exactly, which leads to disconnection.",OK. Let's continue the conversation in DM. Which country are you located in? https://t.co/GDrqU22YpT,Fri Dec 01 21:04:57 +0000 2017
92702,matched_prev,my keyboard for my new iPad pro isn’t working. I often have to take these two apart to re-engage. Assuming that’s not how it is supposed to work!? Please help thanks https://t.co/JpM5wO84JM,Let's help get your Smart Keyboard functioning as expected. What's the version of iOS installed on the iPad Pro? Does the issue persist after rebooting the iPad Pro as well?,Thu Nov 30 13:02:58 +0000 2017
92707,matched_prev,"Since installing iOS11, Pages will not open on iPhone - any suggestions please.","Thank you for reaching out to us. That is not at all expected behavior. Let's work together to get this resolved. Just so we're clear, can you describe what happens when you try to open Pages? Any errors or specific behavior?",Thu Nov 30 13:16:07 +0000 2017
92710,92712,It’s been occurring for about a week and I just updated my to IOS 11 today to try to fix it and tried resetting my settings but nothing worked,"Thanks for the information. We'd like to confirm we have all the specific details we need. Please meet us in DM, so we can further assist: https://t.co/GDrqU22YpT",Thu Nov 30 21:56:00 +0000 2017
92711,matched_prev,I tried everything and my phone alarms won’t go off no matter what I do help me I’m a tired College student,"Hi. Getting your notifications is very important and we'll do everything can to help. To start, how long has this been occurring? Have their been any recent changes to your device?",Thu Nov 30 13:35:19 +0000 2017
92715,matched_prev,Why does my iPhone randomly capitalise letters? #iOS,"We'd love the chance to look into this with you. Which iOS version are you using on your iPhone? Also, could you give us an example of when you're seeing letters being capitalized?",Thu Nov 30 13:36:26 +0000 2017
92717,92719,The latest iOS update and its plug in with the official cable and plug but it doesn’t show the percentage go up until I reboot my phone and it changes,"Got it. Check out the steps in this link https://t.co/uqxquyfdn0 under 'If your device charges slowly or won’t charge', and let us know the result in DM: https://t.co/GDrqU22YpT",Thu Nov 30 16:05:33 +0000 2017
92718,matched_prev,I just bought a new iPhone 8 Plus and the charging seems to be really slow,Congratulations on your new iPhone 8 Plus! We want to be sure everything is working as expected for you. How long does it take to charge your new iPhone? Are you using the charger that came with it? Which iOS version are you running in Settings > General > About?,Thu Nov 30 13:30:22 +0000 2017
92724,matched_prev,Is there a way to have Siri insert punctuation automatically when dictating a text message?,Hi. Let's look into that. What device are you using?,Thu Nov 30 13:15:55 +0000 2017
92730,matched_prev,i recently switched from 3 mobile to EE and redeemed the 6 months free Apple Music but I got charged £9.99 today.,This is something our iTunes billing team can review with you in more detail today. Please reach out here for the best assistance: https://t.co/SDIe7UiyJN,Thu Nov 30 13:09:43 +0000 2017
92735,matched_prev,Why is it my Cloud Account has deleted items I had Not Moved into the Trash? Policy Violations by Illegitimate Assumed Power... https://t.co/8OT2GR4Z46,That’s not what we’d like to hear. Can you start by letting us know more about what has happened in DM? We’d like to confirm what files were lost as well as the free available space on your iCloud account. You can follow the steps here: https://t.co/7vNd2QAL5s https://t.co/GDrqU22YpT,Thu Nov 30 13:14:22 +0000 2017
92739,matched_prev,I am from India and I want to order the iPhone X from Dubai? Is that possible from your Apple store? Can I make that happen?,We’d like to help with your iPhone X order! We know how important being able to customize your order and pickup options are. In order to get started reach out to us here: https://t.co/8yjRd1Xo0i,Thu Nov 30 13:24:27 +0000 2017
92741,matched_prev,- security patch installed automatically on Mac this morning and now NO user password works. Mac is locked. Need help ASAP,"We'd love to help with this. Are you able to get into the Guest user? Let us know in DM, and we'll team up to see what's going on. https://t.co/GDrqU22YpT",Thu Nov 30 12:41:07 +0000 2017
92743,matched_prev,i dont get the text overlaps ios 11.1.2 https://t.co/uje9HnSHAi,We can take help out! Does this seem to persist after rebooting the iPhone?,Thu Nov 30 12:56:37 +0000 2017
